Gael Breton - Authority Site System 2.0,https://www.authorityhacker.com/system?/,No Votes. Be the First!
"Rob Quinn -[Bfriday] Profit with Pixels,  SMMA Sales Mastery, Agency in a Box",https://robb.clickfunnels.com/blackfriday24556921,No Votes. Be the First!
Jeremy Haynes - Digital Marketing Course + Digital Skills pack (Black Friday),https://dmmguide.com/home14373025,No Votes. Be the First!
ecom elite accelerator,http://www.eliteaccelerator.com/eea-earlyaccess-phase2/,No Votes. Be the First!
choose pristine - 30K Close Footage,https://choosepristine.teachable.com/p/30k-close-footage,3 Votes
Choose pristine - 30 day smma,https://choosepristine.teachable.com/p/30-day-smma,3 Votes
Ricky Hayes - Ecom Lifestyle University,https://www.ecomlifestyleuniversity.com/ecom-lifestyle-university-course,No Votes. Be the First!
provit vortex,http://profitvortex.net/live.html,No Votes. Be the First!
Google Analytics Setup Mastery Course,https://courses.online-metrics.com/,No Votes. Be the First!
danvasiljevs-ecomfreedom,https://www.ecomfreedom.com,No Votes. Be the First!
Adam Khoo - BLACK FRIDAY FOREX/STOCKS TRADING MASTERY,https://piranhaprofits.com/black-friday/,No Votes. Be the First!
Bots On Demand - Tyrell Wilson,https://tyrellwilson.clickfunnels.com/bots-on-demand,No Votes. Be the First!
REAL ESTATE MARKETING & CONVERSION MASTERY,https://conversionmastery.re8.me/conversion-sales-letter,1 Vote
Carl Allen ‚Äì Business Buying Accelerator 2.0,https://businessbuyingaccelerator.com/go/,4 Votes
Personnal Branding Acceleretor,https://mark4ac470.clickfunnels.com/secure-checkout-a,1 Vote
Aaron Brown - Elite Social Academy,https://www.elitesocial-academy.com/vsl-order-form,No Votes. Be the First!
The Ecom Millionaire Masterclass,https://www.gabrielbeltran.com/masterclass-2,5 Votes
Dave Dee - Premium High Ticket Closing System,https://archive.fo/vXDrI,No Votes. Be the First!
Joe McCall - Automated MOJO 2.0 - wholesaling real estate COLD CALLING,https://joemccall.clickfunnels.com/automated-mojo-2-offer,No Votes. Be the First!
HMA - Hidden Marketing Assets University,http://www.hardtofindseminars.com/HMA_Details.htm,No Votes. Be the First!
Hooman's YT mastery,https://mentorbird.com/order-form24410394,1 Vote
jon loomer - facebook attribution training,https://www.jonloomer.com/attribution-training/,No Votes. Be the First!
Your Solo Ads Business,https://www.YourWebTrafficAgency.com,2 Votes
Lion Zeal SEO Academy,https://lionzeal.thrivecart.com/seo-academy/,2 Votes
Millionaire Nemo Douglas - FOREX MARKETMAKER PROFIT,https://tinyurl.com/MarketMakersFX,1 Vote
Dominic Moore - FOREX TRADING BLUEPRINT,https://blameitondom.com/,1 Vote
Ryan Daniel Moran - Sprint To 100k Bundle,https://go.capitalism.com/product-bundle-order-form,4 Votes
Law of Attraction Bootcamp,https://hypnosisbootcamp.com/law-of-attraction-hypnosis,2 Votes
Secret Online Arbitrage,https://secret-wealth-project.teachable.com/p/secret-online-arbitrage,No Votes. Be the First!
Wholesaling Houses By Alex Saenz,https://alexsaenz.teachable.com/p/wholesaling-mastery-by-alex-saenz,No Votes. Be the First!
Market Place Profits Program - Nishant Bhardwaj,https://slingly.com/mpp-secure/?pid=47966,No Votes. Be the First!
Simon Greenhalgh Ricky Mataka The Drop Ship Code,https://ecom.institute/dspc-access,1 Vote
Google Shopping Ads & Gearbubble Pro Stores by Will Haimerl,https://ppccoach.teachable.com/p/google-shopping-ads-gb-pro-store/?product_id=877685&coupon_code=700OFF,6 Votes
Scott Jansen - Therapy Maximiser,https://www.scottjansen.com.au/programs,3 Votes
Advanced Keyword Research with Ahrefs by Fraser McCulloch,https://fraser.podia.com/advanced-keyword-research-with-ahrefs,4 Votes
Jeanine Blackwell - Get Corporate Clients,https://jeanineblackwell.com/corp,4 Votes
Adeel & Ali Chowdhry - Sqribble,http://squibble.com/new/,No Votes. Be the First!
Ben Oberg- Millionaire Mafia eCommerce Mastery,https://www.millionairemafiaempire.com/go3,1 Vote
Millionaire Mafia Marketing & Affiliate Mastery -Ben Oberg,https://www.millionairemafiaempire.com/join#row--59732,No Votes. Be the First!
Blackroom Blog Profits,https://fat-stacks.teachable.com/p/blackroom-blog-profits,No Votes. Be the First!
Digital Marketing Academy- Sean Agnew,https://www.digitalmarketingacademy.io/offers/D4LLWiLg/checkout,No Votes. Be the First!
AJ 7 FigureSkills - Selling High Ticket Drop Shipping,https://www.dropshipskills.com/closing-offer,No Votes. Be the First!
Andre Chaperon - Lean Business For Creators Volume 1,https://tinylittlebusinesses.com/products/lean-business-for-creators/,5 Votes
Brennan Dunn - The Blueprint (updated 2018),https://doubleyourfreelancing.com/blueprint/,5 Votes
Ian Stanley - Corrections Course,https://www.lionheartmembership.com/corrections-course,No Votes. Be the First!
Ecom Awakening,https://slingly.com/ew-secure,3 Votes
paul schriven - Dare to conquer,https://daretoconquer.com/join,No Votes. Be the First!
Eben Pagan -  Digital U,https://www.productlaunching.org/digital-u/,1 Vote
Trading Template - Learn to Trade Stocks,https://tradingtemplate.com/,1 Vote
RYR Level Up: SEO Unstuck,http://ryrlevelup.com/,1 Vote
Rich Dads Weekly Cash Flow,https://reports.agorafinancial.com/kwc_weeklycashflowsummit_1118/EKWCUB36/index.htm?pageNumber=2&a=13&o=98550&s=117365&u=6871272&l=1722853&r=MC2&vid=nL45dM&g=0&h=true,4 Votes
Brittany Perille - The Bundle Package,https://www.brittanyperille.com/my-programs/the-bundle,No Votes. Be the First!
The Chatbot Agency Accelerator,https://www.schoolofbots.co/chatbot-agency-accelerator-waiting-list,12 Votes
Marie Floreo - Copy Cure 2018,https://thecopycure.com/,3 Votes
Les Hewitt - the Power Of Focus,http://www.leshewitt.com/the-complete-focusing-system/,1 Vote
Kyle Sulerud - Elite Conversion Optimization,https://secure.adleg.com/elite-conversion-optimization,1 Vote
Kathrin Zenkina Manifestation Babe,https://manifestationbabe.lpages.co/manifestation-babe-academy/?inf_contact_key=d0a3716176411218073b825fbc40fff2427bbeb1181b329809f235e43b3801e2#section-3,2 Votes
Danny Veiga - Agency Blueprint Success,https://courses.dannyveiga.com/store/He8qybwi,5 Votes
anthony sandi,http://www.shopifymentor.com/join?fbclid=IwAR3PBpMgmWyzUEdplSWbmZi9VryyklNRg_82acy_ihwtbgv1BFT3PDBkD6E,2 Votes
Matthew Sabia - Accelerator,https://accelerator.matthewsabia.com/sales-page-23775072,No Votes. Be the First!
Scott Shubert FOREX  - TRADING MASTERMIND,http://tradingmastermind.com/forex-training/#pricing,2 Votes
Jay Fiset - Launch Your Mastermind Bootcamp,http://launchyourmastermind.com,1 Vote
Lisa Sasevich - Ultimate Telesummit Formula,http://ultimatetelesummitformula.com/home-sts/,2 Votes
Manuel Suarez - Facebook Masters Course,http://manuelsuarez.com/FacebookMasters,9 Votes
Peng Joon - FB Secrets Mastery,http://fbsecrets.com/live,11 Votes
Heather Morgan (SalesFolk) - Cold Email Mastery,https://salesfolk.com/emailmastery/,1 Vote
Pat Rigsby - Online Coaching Formula,https://patrigsby.com/online-coaching-formula,1 Vote
Sage Lavine - Telesummit 2.0,https://womenrockingbusiness.com/telesummit/,2 Votes
Ryan Lee - 1 Email a Day,https://ryanlee.samcart.com/products/1-email-a-day/,2 Votes
Meet Kevin - Real Estate Investing,https://meetkevin.teachable.com/,2 Votes
Peng joon - internetincomeintensive.com/,https://internetincomeintensive.com/,1 Vote
Finest Audience,https://finest-audience.de/,No Votes. Be the First!
Ecom Domination 4.0,https://ecomdominationcourse.com/join?fbclid=IwAR1HljW6yPVFtQ2xwVvmo56R8VzcC1kTKcQHrgJafd0Z4hw__ZQMgPxGr8E,3 Votes
WIll Rilley - Local Loyalty,https://www.localloyalty.site/,1 Vote
Mark Lack - Personal Branding Accelerator Program,https://shortenthegap.com/pb-accelerator-jm,1 Vote
Mikkelson Twins- Audiobook Income Academy,https://www.audiobookincomeacademy.com/,2 Votes
Zach Anderson & Jeff Schwerdt - Trust Social,https://www.trustsocial.io/closed,No Votes. Be the First!
Russell Brunson - 10x Secrets,https://10xsecrets.com/,36 Votes
Traffic Think Tank,https://trafficthinktank.com/,3 Votes
Russ Ward - Real Estate Messenger Bot Lead Gen,https://chatbotsellerleadscourse.leadkingtraining.com/chat-bot-seller-leads-course,2 Votes
YouTube Revenue Machine - David Vlasti,https://youtuberevmachine.teachable.com/p/youtube-revenue-machine,5 Votes
Jon Mac Accelerator Program,https://ecommerceaccelerator.io/landing/done-for-you?inf_contact_key=4751e66919c5231a0e9bcc6478fed701a5aa8569d9b9c120e5ea86e04be444f4,3 Votes
Content Marketing Masters,https://contentmavericks.com/content-marketing-course,4 Votes
Franklin Hatchett - Ecom Elites (Autumn 2018 Updated Videos),https://ecomelites.com/,5 Votes
Bimber - Viral Magazine WordPress Theme,https://themeforest.net/item/bimber-viral-buzz-wordpress-theme/14493994,1 Vote
Robin Sharma Your Productivity Unleashed,http://www.robinsharma.com/academy/ypu/join/,2 Votes
The Jay Abraham Story: Movie and Masterclass,http://www.celebritybrandingagency.com/jaylive,5 Votes
Nick Usborne - Web Copywriting 2.0: Your Complete Guide to Writing Web Copy,https://awai.infusionsoft.app/app/orderForms/web?pid=647&pc=web-dc,1 Vote
Ramit Sethi - Greenlight Your Idea,http://start.growthlab.com/greenlight-your-idea/,4 Votes
How To Source From ChinA THE RIGHT WAY,https://www.sourcingwarrior.com,3 Votes
SEO That Works 3.0 - Brian Dean,https://seothatworks.com/,9 Votes
Persuasive Copywriting: Copyblogger‚Äôs Brand-New Copywriting Course,https://www.copyblogger.com/copyblogger-weekly-108/,6 Votes
contentster,https://anthonyaires.com/op/contentster-75-backdoor/?affiliate=lightspeedtech,2 Votes
Matt Wolfe & Joe Fier - Perpetual Audience Growth,https://lp.evergreenprofits.com/pauls-page,No Votes. Be the First!
Local Video & Ads Agency Academy - Huge Amount of Case Studies,http://lva.vemmy.com/,No Votes. Be the First!
"Unleashed - Evercoach, Christine Hassler",https://www.evercoach.com/unleashed/earlybird,1 Vote
Jarod Steffes - The Agency Kickstarter,https://www.theagencykickstarter.com/home,2 Votes
Jesse Elder - Ethical Cult Building 5.0,https://checkout.newkajabi.com/offers/Xj27TH3z/checkout?checkout_token=eyJ0eXAiOiJKV1QiLCJhbGciOiJIUzI1NiJ9.eyJvZmZlcl90b2tlbiI6IlhqMjdUSDN6Iiwic2l0ZV9wcm90b2NvbCI6Imh0dHBzOi8vIiwicGVyZm9ybV9sb2dvdXQiOnRydWUsImV4cCI6MTU0MTk3MjE2MH0.rzKOIn63EHw-XL9fOeEDhEpwaVIJur0kbTFdWMzdsvI,2 Votes
Jason Capital - High Income Coach,http://web.archive.org/web/20181104212126/https://highstatus.com/f/JC-C000/6,3 Votes
THE 100K BLUEPRINT - Anthony Groeper,https://the100kblueprint.com/enroll,7 Votes
Wolves eCommerce,https://wolvesecom.teachable.com/p/wolves-ecommerce,1 Vote
CPA 7 Figures Mr. OPULENT - BONUS  Tracking + BluePrint Training 2018,https://beta.testeasily.com/register/,10 Votes
MFA Live 2018,https://www.mfaliveevent.com/almost-here,5 Votes
Donald Miller - Online StoryBrand Course (2018),https://storybrand.com/online-course-open/,6 Votes
Jordan Welch,https://ecomaccelerators.teachable.com/p/0-100,1 Vote
adskills -  all-access-pass,https://www.adskills.com/all-access-pass/,5 Votes
BotBuilders,https://botbuilders.kartra.com/page/getstarted,8 Votes
ECOM BEAST 2.0,https://www.ecombeastcourse.com/join,23 Votes
A1 Revenue Q4 New Course,https://a1revenue.com/q4,13 Votes
income machine your internet business setup in 3 days - Robert Plank,https://www.incomemachine.com/,No Votes. Be the First!
Beast Of Ecom Course Prelaunch,http://www.beastofecom.com,1 Vote
Arab Affiliate Summit,https://arabaffiliatesummit.net/,1 Vote
email income expert certification mentorship program,http://www.jasoncapital.samcart.com,3 Votes
Gauher Chaudhry - Digital Sumo 2018 Live Event Recordings,https://www.digitalsumo.com/event/,6 Votes
JVZoo Academy,https://academy.jvzoo.com/thestrategy,1 Vote
Blaster Academy,http://www.blasteracademy.com/replay,1 Vote
Unstoppable streamline design profit,https://unstoppable.erinflynn.com,No Votes. Be the First!
Amazon FBA Empire Alliance,https://www.emeacademy.com/specialoffer,1 Vote
Childrens Book Formula,http://childrensbookformula.com,3 Votes
Sabri Suby - Persuation Mastery,https://persuasion-mastery.kingkong.com.au/,12 Votes
perfectecomcourse,https://www.perfectecomcourse.com/sales-page,No Votes. Be the First!
Monetiza tu Pasion - Javier Elices,https://pay.hotmart.com/W7386437Q?off=t2y06yjy&checkoutMode=10&bid=1540885255211,No Votes. Be the First!
Justin Cener - Power Audiences,https://secure.justincener.com/power-audiences,10 Votes
Advanced Pay Per Click PPC Certification Training,https://www.simplilearn.com/digital-marketing/pay-per-click-ppc-certification-training,3 Votes
PJ Col Email,https://pjtheemailguy.com/products/cold-email-mastery-course,2 Votes
Dean Graziosi - The Real Estate Profits From Home Course,http://dgachieve.com/repfh-save-my-seat,3 Votes
Ecom Remastered with Facebook Ads,https://www.haydenbowles.com/sales-page,1 Vote
"Agora Financial, MFA - Agora Media Buying Bootcamp",https://themfanation.com/afts2,42 Votes
Daymond on demand - sales & marketing,https://www.daymondondemand.com,2 Votes
Billy Gene - The Best Bundle Ever,https://www.thebestbundleever.com/limitedtimeoffer,6 Votes
Influencer Ignited 2.0,https://go.iag-media.com/influencer-ignited,8 Votes
James Holt - 100 Dollar Blueprint,https://www.100dollarblueprint.com,No Votes. Be the First!
Tai lopez 300 mentor,https://www.youtube.com/redirect?q=http%3A%2F%2Ftailopez.com%2F300youtubelive&event=video_description&v=-hUm-DDUHGA&redir_token=rNZAimrB23NBIcuJbwElH-00tNx8MTU0MDg3MjU0NkAxNTQwNzg2MTQ2,4 Votes
jeff sauer PPC course,https://www.ppccourse.com/,1 Vote
Chris Rocheleau - Code Of Conversions,https://codeofconversions.com/,1 Vote
"Business Buying Accelerator 2,0",https://businessbuyingaccelerator.com/register,5 Votes
No Fear Funnels,https://www.nofearfunnels.co/,1 Vote
MASTERY UNIVERSITY by Tony Robbins,http://www.tonyrobbins.com,2 Votes
funneldash - 30-DAY AGENCY GROWTH ACCELERATOR PROGRAM,https://funneldash.samcart.com/products/pro-annual,3 Votes
Joy Hawkins - The Expert‚Äôs Guide to Local SEO,https://localu.org/experts-guide-local-seo/,1 Vote
Trader Travis -Learn option trading,https://learn-options-trading.com/successacademy.html,No Votes. Be the First!
Eben Pagan - Copywriting Mastery (bundle),http://web.archive.org/web/20181026153859/https://offer.ebenpagantraining.com/2018-copywriting-mastery/,3 Votes
Mike Kabbani - 90 day 7 figure accelerator program,https://leagueofepicconsultants.com/5-secret-systems-to-get-high-paying-marketing-clients,5 Votes
Bot Badassery Super Affiliate Formula Live Workshop,http://botbadassery.com/1affiliate/?affiliate=shawn,2 Votes
Michael Blank - How to Buy Your 1st Apartment Building In 90 Days,https://www.ultimateapartmentinvestingguide.com,4 Votes
MarketplaceProfits - Ricky Mataka and Nishand Etsy Course,https://slingly.com/mpp-secure/,15 Votes
Caleb O' Dowd - Email Marketing Mentorship,https://ly247.infusionsoft.app/app/orderForms/Email-Marketing-Mentorship-6-Pay,5 Votes
Adrian Morrison & Jay Boyer - Childrens Book Formula 2018,https://jjfast.thrivecart.com/childrens-book-formula/,5 Votes
Amz Heroes,https://amzheroes.com,No Votes. Be the First!
Launch Your Funnel Today (LYFT),https://betaandbeyond.com/we-have-lyft-off,No Votes. Be the First!
Tee Bootcamp,https://www.teebootcamp.com,2 Votes
Jeffrey Bunting - Dropshipping Mastery V2 Online Workshop,https://dsm.ecommastery.com/p/workshop2,1 Vote
Insane Growth - Lead Generation Machine,https://www.insanegrowth.com/lgm/,1 Vote
Ridwan Mahmood - RankBrain,https://joinrankbrain.com,1 Vote
Eric Ellis Jr - JumpStart Affiliate,https://wolvesentourage.teachable.com/p/jumpstartaffiliate,No Votes. Be the First!
Jeff Rose - Online Advisor Growth Formula,https://learn.onlineadvisorgrowthformula.com/,1 Vote
Jeremy Miner NEPQ Sales System (Neuro Emotional Persuasion Questioning),https://xf331.infusionsoft.app/app/orderForms/Main--8-Week-Sales-Academy,2 Votes
SYNDICATION ACADEMY 2.0 New  (Bradley Benner IFTTT SEO Academy 2.0),https://syndication.academy/v28,6 Votes
Craig Campbell SEO all Courses,https://www.craigcampbellseo.co.uk/training-courses/,1 Vote
Peter Chan - Q4 Secrets Mastermind [$2000],https://www.peterchanjr.com/q4secrets,1 Vote
Marco Rodriguez - High Ticket Masterclass,https://www.thehighticketmasterclass.com,2 Votes
E-commerce Prosperity,https://www.ecommerce-prosperity.com/complete-your-order,No Votes. Be the First!
Blackhat GMB Verification,https://jensen.ai/courses/blackhat-gmb-verification,15 Votes
Pejman Ghadimi - Exotic Car Hacks 2.0,https://www.exoticcarhacks.com/become-an-insider/?ims=btmso&utm_campaign=Internal&utm_source=Website&utm_medium=StartHere&utm_content=,7 Votes
Spencer Mecham - Affiliate Secrets 2.0,https://go.buildapreneur.com/order-page-affiliate-secrets-2point0,7 Votes
Jay Abraham: Cram School - Leverage Marketing,https://www.abraham.com/leverageorder,5 Votes
Matt Bacak and Bob Beckett,http://internetmarketinginsider.com/listboss/,1 Vote
Michael Cheney - List Building Black Ops,http://commissionology.org/list-building-blackops/,1 Vote
turnkeywebsitesblueprint,https://course.turnkeywebsitesblueprint.com/p/turnkey-websites-blueprint,No Votes. Be the First!
One-Hour Launch,https://onehourlaunchworkshop.com/sales/,1 Vote
Yoast Online SEO training,https://yoast.com/academy/,2 Votes
marketmotive Masters in Digital Marketing,https://www.marketmotive.com/masters-in-digital-marketing/,No Votes. Be the First!
jellyfish SEO Training,https://www.jellyfish.net/en-us/training/classroom-courses/bundles#the-seo--social,2 Votes
Accelerated Momentum Program,https://www.benjaminhardy.com/amp/,No Votes. Be the First!
PAGE ONE POWER  LINK BUILDING TRAINING,https://www.pageonepower.com/link-building-training,3 Votes
Dr. Buck Parker - Secret Study Hacks,https://secretstudyhacks.com/homepage,No Votes. Be the First!
Perry Marshall & Mike Rhodes - Google Ads Mastery 2019-2020,https://www.perrymarshall.com/google-ads-mastery/,23 Votes
Depesh Mandalia & Tim Burd London mastermind,https://timburd.com/collections/replays/products/london-2018,4 Votes
AD BUYERS HALLOWEEN WORKSHOP,https://goaldigging.academy/,2 Votes
Travis Stephenson - Q4 Ecom,http://chatmaticnow.com/camp,6 Votes
Wesley Virgin - Unrevealed Secrets of a Millionaire Mind,https://www.wesleyvirgin.net/start1,2 Votes
Messenger Bots for Entrepreneurs- Nico Moreno,https://www.messengerbotsforentrepreneurs.com/,1 Vote
Measureschool Google Analytics Training,https://measureschool.com/products/google-analytics-course/,3 Votes
48 Hour Film School,https://jameswedmore.leadpages.co/48hr-wait-list-spring/,1 Vote
Vidsummit 2018,https://www.vidsummit.live/order-23169391,4 Votes
Ruan Marinho Local SEO Course,https://www.theundergroundsecrets.com/order,12 Votes
Peter Parks - Membership Site Business,https://www.sevenfiguremindmap.com/membershiplivecoaching,2 Votes
Five Minutes to Famous,http://fiveminutestofamous.com/,2 Votes
Ben Adkins - Clients From Cold Emails,https://fearlesssocial.samcart.com/products/cold-email-clients/,4 Votes
Award Winning Instagram,https://growthx.adwizar.com/video?inf_contact_key=515e2a7913ca5fcf437f8d98debc3bd8a24c1948d937908c9d495710dbc7e4ad,1 Vote
Course Selling Masterclass/Personal Branding Course - Bye 9 to 5,https://bye-9-to-5.teachable.com/p/course-selling-masterclass-personal-branding-made-easy,1 Vote
Lisa Sasevich -  Monetize Your Mission Livestream,https://lisasasevich.infusionsoft.com/app/orderForms/Monetize-Your-Mission-Livestream-BuyerExclusive,1 Vote
Eben Pagan - Patterns of Personality,https://offer.ebenpagantraining.com/patterns-of-personality,4 Votes
The Profit League by Jeff and Jess Samis,http://www.theprofitleague.com,No Votes. Be the First!
Real Estate Cashflow Blueprint,https://experts.richdadworld.com/starttoday,No Votes. Be the First!
Nine University Facebook ads course 2018,https://www.nineuniversity.com/facebook,3 Votes
Justin Brooke and John Belcher - Search & Destroy Bootcamp,https://www.adskills.com/search-and-destroy/,12 Votes
The Proven Amazon Course 2019,https://provenamazoncourse.com/,4 Votes
Anthony Alfonso -Entrepreneur Affiliate Mastery Course,https://www.entrepreneuraffiliatesmastery.com/,4 Votes
Tai Lopez - e-commerce blueprint 2.0,https://www.tailopez.com/flow.php?id=FS-5404&utm_source=topnav,5 Votes
Ben Settle - The Affiliate Launch Copynomicon,http://emailplayers.com/copy,3 Votes
Joseph Riggio - Million-Dollar High-Ticket Groups & Programs 2.0,https://members.josephriggio.tv/store/LPQ7XAUJ,2 Votes
Patrick Wind - Adsaccelerator,https://www.adsaccelerator.com/p/online-program,2 Votes
ÔªøAutomated Profit Partners (APPs) ÔªøÔªøWith Ron Douglas (Webinar Special),http://www.rondouglas.com/jamesjones,No Votes. Be the First!
Nine University FBA,https://www.nineuniversity.com/checkout1,4 Votes
Tai Lopez - Credit Mentor 2.0,https://www.tailopez.com/flow.php?lp=FS-8382&source=slider,7 Votes
Ezra Firestone - Smart Holiday Bootcamp 2018,https://landing.smartmarketer.com/pages/smart-holiday-course-options,5 Votes
Build My List 2.0 Anthony McC arthy,https://www.buildmylistnow.net/public/Join-Us-Matt-Bacak-Webinar-Special.cfm?affID=mbacak,No Votes. Be the First!
Benjamin Hardy - Genius Blogging course,https://benjaminhardy.clickfunnels.com/journal-course-sales-page23048144,1 Vote
Google Ads Mastery 2019-2020,https://www.perrymarshall.com/google-ads-mastery,20 Votes
Funnel Sales Academy - Joe Soto,https://www.funnelsalesacademy.com/special,11 Votes
SEO Training fro the Real SEO's,http://trafficthinktank.com,5 Votes
"Matt Clark, Jason Katzenback - Amazing Selling Machine (X) 10",https://www.amazingsellingmachine.com/build-yours/,12 Votes
Challenge to Succeed Platinum Collection by Jim Rohn,https://www.successacademy.com/offers/aCUq7XRX/checkout,2 Votes
Caleb Jones - Alpha 2.0 Business Course,https://alpha20.teachable.com/p/alpha20businesscourse,No Votes. Be the First!
Dropshipping Titans,http://dropshippingtitans.com,1 Vote
Amazon FBA Freedom Course,https://amazon-financial-freedom.teachable.com/,No Votes. Be the First!
Fix and Flip HUB for Real Estate Investors and Internet Marketers,http://cf.fixandfliphub.com/video-training-program,No Votes. Be the First!
Ad Value Inner Circle,https://www.advalueinnercircle.com/,2 Votes
Jon Mac - Millionaire Challenge San Diego Replays 2018,https://jonmac.co/sd,No Votes. Be the First!
Entrepreneur Affiliates Mastery Course by  Anthony Alfonso,https://www.entrepreneuraffiliatesmastery.com/order-2135590922560730,5 Votes
Membersite Academy,https://www.membersiteacademy.com,1 Vote
Dandapani (Hindu Monk) - Master your mind and create the life you desire,https://learn.dandapani.org,1 Vote
Tim Burd Mastermind and Event Replays,https://timburd.com/collections/replays,7 Votes
Tommy Rodriguez - 3 Day Amazon Workshop,https://dropshippingworkshop.com/register23413078,1 Vote
Podcast Your Brand‚Ñ¢ Accelerator,http://www.theinnerchangemaker.com/start,1 Vote
The Copyblogger Content Marketer Certification,https://www.copyblogger.com/certified-content-marketers/,3 Votes
The Amazing Video Machine Amazon Video Everywhere by Tammy Duchow,https://ecomprophets.mykajabi.com/p/offer?ref=https%3A%2F%2Fecomprophets.mykajabi.com%2Fa%2F10391%2Fuu8VyF8V,3 Votes
Amazon FBA Wholesale Academy,https://www.wholesaleacademy.com,1 Vote
Jason Fladlien - Yes Triggers,http://yestriggers.com/details/,1 Vote
Derrick Struggle - FBA Heros 2.0,https://fbaheroes.com/,No Votes. Be the First!
internet jetset,http://travelmoney.life/promotion.html?utm_source=google&utm_medium=internal&utm_campaign=1589614969_61491507818&utm_term=mail.google.com&utm_content=299534156371&device=c&country=country&tid=Cj0KCQjwuuHdBRCvARIsAELQRQEOPSOdCnSzLX6zbpaXmitpuAw4cFH4hZtz78wbmwX34JapJ3_IrHsaAh8oEALw_wcB&utm_source=google&utm_medium=cpc&utm_campaign=1589614969&utm_term=&utm_content=ad1299534156371_ad2c_ad3d&gclid=Cj0KCQjwuuHdBRCvARIsAELQRQEOPSOdCnSzLX6zbpaXmitpuAw4cFH4hZtz78wbmwX34JapJ3_IrHsaAh8oEALw_wcB,No Votes. Be the First!
The Makepeace Method for Writing Million-Dollar Sales Letters in 7 Days or Le,https://www.awai.com/p/is/spd-dc/,6 Votes
THE ULTIMATE LIST BUILDING BUNDLE - Foundr,https://foundr.com/listbuildingbundle,2 Votes
Tristan Brought -  Google Ads Ecom Academy,https://ecomladder.thrivecart.com/14853-51938,26 Votes
Passive Pinterest Profits by Ashley Zee,http://www.thenetresults.com/passiveprofits/jr.html,1 Vote
Todd Brown - MFA Live 2018,https://www.mfaliveevent.com/2018-recordings?inf_contact_key=03f36c0a07576583daf276f89058471e1ae6f59ee46eb07beea1ec23e6eda36e,8 Votes
Local Video Academy,http://lva.videosuite.io/live-blaster/gone-in-24-hours,2 Votes
RMT Coaching Mastery Programm,https://rmtcenter.com/rmtmastery/?utm_campaign=2018-sept-rmtmstry&utm_medium=email&utm_source=email-broadcast&utm_content=directenroll&utm_term=existing-list,No Votes. Be the First!
Influencer Academy - Thomas Adams The Realistic Entrepreneur on Youtube,https://www.dropship.ceo/influencer-academy,2 Votes
Jim Francis - Selling from Stage Self Study,https://finseminars.com/products/selling-from-stage-self-study,1 Vote
Jeremy Haynes - Digital Skill pack,https://digitalskillpack.com/dsp-order-form-page,6 Votes
Steve Rosenbaum - LinkedIn Dominance (released Sept 2018),https://steverosenbaum.com/linkedin-dominance-lsp/#buynow,3 Votes
Clickbank Super Affiliate Bootcamp- Paolo Beringuel,https://paoloberinguel.teachable.com/p/clickbank-super-affiliate-bootcamp,4 Votes
Dropship Mastermind- Best course for dropshipping hight ticket items,http://www.dsmastermind.com,No Votes. Be the First!
Marissa Peer Hypnotist the pros and go to - I Am Enough: An 8-Part Program,https://www.iamenough.com/,3 Votes
Professional Google Analytics for Shopify,https://gumroad.com/l/gashopify,1 Vote
Dan Vas - Ecom Freedom Course,https://www.ecomfreedom.com/amazon,1 Vote
The Side Hustle Toolbox,https://infostack.io/,2 Votes
Ramit Sethi - Delegate and Done,http://start.growthlab.com/delegate-and-done,9 Votes
THE ULTIMATE LIST BUILDING BUNDLE,https://foundr.com/listbuildingbundle/?utm_medium=email&utm_source=infusionsoft-campaign&utm_campaign=lbblaunch&utm_term=list-building-bundle&utm_content=email2&inf_contact_key=571c36abac33e2fa6e496cbefca2b53fb1453e0083b0e440f52309ec75dbfdef,4 Votes
Live Streaming Pros -- Engaging & Higher Converting Webinars,http://livestreamingpros.com/awf/,2 Votes
Ecom Challenge DropShip Mastery Program,https://www.thaddy.io/ecom-challenge,No Votes. Be the First!
GEEK OUT P3 EDITION LIVE STREAM,https://shop.purpleknowledgelab.com/products/geek-out-p3-edition-live-stream,2 Votes
iStack - eCommerce Mastery Live 2018,https://istacktraining.com/ecml-europe/replay-2018,6 Votes
Jay Chizza-College of Kicks,https://www.collegeofkicks.com/mmfa/,2 Votes
Introduction to Multifamily Apartment Investing - Grant Cardone,https://10x.grantcardone.com/real-estate-video-audio-introduction,6 Votes
Duston McGroarty- P5 Method (New),https://join.p5method.com/replay,8 Votes
Gerry Cramer - Rise Academy,https://getriseacademy.com/mikev/,7 Votes
Chris Johnson - Six Figure Side Hustle,https://gumroad.com/l/sixfigure,1 Vote
Promote and Profit - Full Course (released end Sept 2018),https://go.yen.tv/sales-page-2,1 Vote
Alex Becker - H-Com 3030,https://mhero.life/3030,5 Votes
Exceed Masterclass for Online Trainers,https://exceedmasterclass.com/join/,No Votes. Be the First!
Online Trainer Academy,https://onlinetraineracademy.theptdc.com/,2 Votes
Amy Lippmann - Cleanse/Detox,http://cleanseprogramforhealthcoaches.com/,1 Vote
Lori Kennedy - Holistic Weight Loss Jump Start Program,https://hwms.thewellnessbusinesshub.com/start-now-hwms-1,No Votes. Be the First!
Lori Kennedy - Weight Loss Coach Training,https://members.lorikennedyinc.com/wlct/,1 Vote
Rachel Feldman - Reset Your Life in Only 21 Days,https://yourhealthcoachbiz.com/done-for-you-program-for-health-coaches-reset-your-life-in-only-21-days-rachel-feldman/,2 Votes
Rachel Feldman - Mindset Makeover,https://yourhealthcoachbiz.com/done-for-you-programs-for-health-coaches-mindset-makeover-rachel-feldman/,No Votes. Be the First!
Rachel Feldman - You Can End Emotional Eating,https://yourhealthcoachbiz.com/done-for-you-programs-for-health-coaches-end-emotional-eating-rachel-feldman/,No Votes. Be the First!
Laura Belgray - Talking Shrimp's 60-Minute Makeover Copywriting Mini-Course,https://talkingshrimp.com/60-minute-makeover,No Votes. Be the First!
Youtube Advanced Masterclass- By 9 To 5 - Over $30k Per Month From Youtube,https://bye-9-to-5.teachable.com/,13 Votes
"Ryan Coisson - The PB Code""",http://thepbcode.com,1 Vote
Four-Percent CHALLENGE,https://fourpercent.com/program-four-percent-success-challenge/,No Votes. Be the First!
24 hour book,http://www.24hourbook.com/,1 Vote
Mastering Value Propositions,https://strategyzer.com/training/courses/mastering-business-models,1 Vote
Dan Vas - AFC,https://amzfreedomcourse.com/p/amazon-freedom,1 Vote
Lead Generation Coaching Program,https://apply.leadgenrental.com/,8 Votes
Crush it With Canva,https://nolimitsmedia.uk/crush-it-with-canva/,4 Votes
6 figure host aaron james,https://www.6figurehosts.com/,2 Votes
ecom profit accelerator,https://sso.teachable.com/secure/204319/checkout/576266/0-100,1 Vote
Total product blueprint,https://pages.newkajabi.com/p/tpb-kajabi-bundle,2 Votes
Make It Happen - Scott Young (Achieving Course),https://www.make-it-happen-course.com/?inf_contact_key=649d0a971ed0b14204f98eb7e0b1acfa64cd55b18d8acc63d2f27788e818d4e1,3 Votes
FUNNEL BUILDER,https://funnelbuildr.com/webinar-replay/,2 Votes
The Facebook Masters Course,https://www.manuelsuareztraining.com/p/facebookmasters,14 Votes
Sebastian Gomez's Affiliate Mastermind,https://offer.sebastiangomez.com/affiliate-mastermind,3 Votes
Tom Jandula Freetime Formula,http://www.myftf.com/ron,No Votes. Be the First!
Ben Adkins - The Zero Client Agency (DFY Package),https://fearlesssocial.samcart.com/products/the-zero-client-agency/,8 Votes
Greg Nowacki - Viral Giveaway Masterclass,https://go.gregnowacki.com/course-order-form1,No Votes. Be the First!
Michael Hyatt - Free to Focus (Updated),https://freetofocus.com/2018/register/,1 Vote
FCC :  Freelance Copywriter‚Äôs Code - Crash Course by Danny Margulies,http://freelancetowin.com/fcc-crash-course,1 Vote
"Nick Peroni - High Profit, High Quality Dropshipping in 2018",http://istacktraining.com/courses/hphq-dropshipping,12 Votes
Koduru - Oracle R12 Course :#1 best oracle course,http://udemy.com/oracle-apps-r12-financials-training/,No Votes. Be the First!
Dan on Demand,https://www.danondemand.com/now?utm_source=youtube&utm_medium=yt-playlist-lessons-from-the-penthouse&utm_campaign=dod-sales-page&utm_term=yt-subs&utm_content=the-art-of-closing-sales,3 Votes
SMMA 2.0 Tai Lopez,https://www.tailopez.com/product.php?id=FS-1956&utm_source=youtubelive,17 Votes
I have no idea but it's taught by Ipp√©i Kan√©hara. Please refer to the site.,https://www.journalreview.org/best/?=our-top-pick,1 Vote
Spencer Haws - Organic Traffic Formula,https://organictrafficformula.com/,8 Votes
Ezra Firestone - Smart Google Traffic,https://landing.smartmarketer.com/pages/smart-google-traffic,7 Votes
Purple Leads Geek Out P3 Edition,https://purpleknowledgelab.com/p3edition/,6 Votes
CHARISMA UNIVERSITY,https://charisma.samcart.com/products/join-charisma-university/,3 Votes
The Six Figure Mentors,https://thesixfigurementors.com/,No Votes. Be the First!
Cole Dockery - 30 Days to $300/Day,http://elitecpa.clickfunnels.com/optin23224918,No Votes. Be the First!
Regan Hillyer - 7 Days To A Kick Ass  New You!,http://www.reganhillyer.com/7days/,1 Vote
Jumpcut - Art of the Startup & Automated Income Machine,https://app.jumpcut.com/enroll/3ax4m9,1 Vote
Jeff Walker - Product Launch Formula 2019 version,https://productlaunchformula.com/masterclass/now/welcome.php,12 Votes
Marketing Inc - Glen Allsop (Viper Chill) and Diggy Dirk product,https://marketinginc.com/x/,3 Votes
RIDING THE FACEBOOK ADS WAVE,https://www.manuelsuareztraining.com/p/waiting-list,1 Vote
Authority Site Hacker System 2018 (oh yeah!),https://www.authorityhacker.com/system/?utm_source=ActiveCampaign&utm_medium=email&utm_content=The+Authority+Site+System+payment+plan+going+away&utm_campaign=payment+plan+scarcity+t-12,6 Votes
JUMPCUT - ART OF THE STARTUP,https://jumpcut.com/aots,1 Vote
Amazon Wizard,https://amazonwizard.teachable.com/p/amazon-wizard,No Votes. Be the First!
Facebook Blueprint certification,http://www.markeko.com,No Votes. Be the First!
Ben Oberg Instagram mastery 2.0,http://www.millionairemafiaempire.com/p1,5 Votes
"PROSPERITY BANGKOK, LEADGEN MASTRMIND - DANILO LEE",https://attendprosperity.com/,1 Vote
Robert V Nava - Amplify Impact,https://www.amplifyimpact.com,No Votes. Be the First!
Tube Entrepreneur,https://events.genndi.com/live/169105139238452893/1db1181736/jot/82724553,1 Vote
LINKEDIN SUCCESS SUMIT/LINKEDIN INCUBATOR,https://linkedincubator.com/,No Votes. Be the First!
Chris Blair eCom Vantage,https://ecomvantage.com/,2 Votes
Automate Your Customer Onboarding Experience,https://www.digitalmarketer.com/lp/workshops/automate-your-new-client-onboarding-experience/,1 Vote
BLOG MASTERMIND - YARO,https://www.ejinsider.com/bm/,No Votes. Be the First!
Steve Clayton/ Aiden Booth - Commission Blueprint Evolution,http://onlinemarketingclassroom.com/live/,5 Votes
Precious Ngwu- Ecom Profit Funnels,https://ecomprofitfunnels.com/replay.html,4 Votes
Badass Authority Bootcamp - Pia Silva,http://badassauthoritybootcamp.com/,3 Votes
Dennis Yu - BlitzNation,https://teamblitznation.com/,2 Votes
Jon Mac - Millonaire Challenge SAN DIEGO Replays,https://jonmac.com/sd,12 Votes
meclabs - Value Proposition Development,https://meclabs.com/education/online-learning/value-proposition-development,2 Votes
Brian Moran-1 Page Funnel System,https://checkout.samcart.com/products/one-page-funnel-pay-plan/?8AzvwARAilLM=yes,1 Vote
Geek Out - P3Edition (Purple Knowledge Lab),https://purpleknowledgelab.com/p3edition/v2/,7 Votes
Ron Douglas -  The Automated Profit Partners Program,https://approved.clickfunnels.com/webinar-replay-room23252281,1 Vote
ADZWEDO eComm Hacks,https://vipreplay.ecomm-hacks.com/sept17replay?cf_uvid=1b95d460fc3b5782bdcc73ff7212bb70,No Votes. Be the First!
Teeka‚Äôs Alpha Edge stock strategies - Palm Beach Research Group,https://secure.palmbeachgroup.com/chain?cid=MKT377656&eid=MKT377694&encryptedSnaid=&snaid=&step=start#AST91162,2 Votes
Harmon Brothers University,https://harmonbrothersuniversity.com/mc1,1 Vote
Richard Bandler - Persuasion Engineering,http://www.nlplifetraining.com/dvd/rb/jlv/persuasionengineering,2 Votes
The Value Proposition Canvas,https://strategyzer.com/canvas/value-proposition-canvas,1 Vote
Drip Academy,http://driprevenue.com/dripacademy/,3 Votes
Ed O'Keefe - Traffic Mastery LIVE Nashville - LIVESTREAM & RECORDINGS,https://www.trafficmasterylive.com/nashville,3 Votes
anthony aires and brad goss - Contentster,https://anthonyaires.com/op/contentster/,1 Vote
Cody Sperber- Fast Track Profit System 2.0,https://realestatewebclass.com/n/facebook/c9/v1/,2 Votes
michael Gerber ‚Äì Reinventing Small Business In America,https://www.amazon.com/Michael-Gerber-Reinventing-Business-America-Nightingale-Conant/dp/B07DS717LM,2 Votes
Ben Adkins - Clients from Interviews,https://fearlesssocial.samcart.com/products/clients-from-interviews/,2 Votes
Tai lopez 5 minute mentor,https://www.tailopez.com/flow.php?lp=FS-6659&source=youtube&_surl=1687,2 Votes
Dan Henry - Get Clients,https://getclients.com/order/,7 Votes
Mastering IELTS Speaking: The Express Course,https://www.udemy.com/mastering-ielts-speaking-the-express-course/,No Votes. Be the First!
Mastering IELTS Writing: Task 1 (Academic),https://www.udemy.com/mastering-ielts-writing-task-1-academic/,No Votes. Be the First!
Master the IELTS: all you need to know about the IELTS Test,https://www.udemy.com/ielts-preparation-course/,No Votes. Be the First!
IELTS Vocabulary: Learn 350 Essential Words for IELTS,https://www.udemy.com/ielts-vocab-builder-002/,No Votes. Be the First!
Mastering IELTS Writing: Task 2 (Band 9 Model Answers),https://www.udemy.com/mastering-ielts-writing-task-2-band-9-model-answers/,No Votes. Be the First!
IELTS - Prepare for IELTS Speaking by Former IELTS Examiners,https://www.udemy.com/prepare-for-ielts-speaking-with-former-ielts-examiners/,No Votes. Be the First!
Brand Strategy: Build a Business that Lasts By Mark Pollard,https://www.skillshare.com/classes/Brand-Strategy-Build-a-Business-that-Lasts/2083092514,No Votes. Be the First!
STEP-BY-STEP GUIDE TO BUILDING A DROPSHIPPING STORE,https://www.thedropshipclub.com/,No Votes. Be the First!
"How to Start, Run and Grow an E-commerce Business By IYIA LIU",https://iyialiu.mykajabi.com/store/cQTZNoJJ,2 Votes
Jason Swenk - Jump Start My Agency,https://training.com.ve/downloads/jump-start-my-agency-by-jason-swenk/,4 Votes
peng joon,http://fbsecrets.com,3 Votes
Offline Consultant PLR,https://marketingconsultantplr.com/products,No Votes. Be the First!
üôèüèªRule One Investing,https://www.ruleoneinvesting.com/invest/webinar/op/free-transformational-investing-webinar-b.aspx,3 Votes
"Ezra-Youtube Smart Marketer, How to Drive sales with Youtube",https://landing.smartmarketer.com/pages/how-to-drive-sales-with-youtube-replay,14 Votes
Membership Method,https://www.membershipmethod.com/,1 Vote
Robbie Richards - SEO Playbook,https://www.robbierichards.com/seo-course/,2 Votes
Amazon Secrets,http://www.amazonsecrets.net,No Votes. Be the First!
"Don Wilson - Startm Sustain, Scale Summit Live Event 2018",https://www.startsustainscale.com,1 Vote
Influencer Inc,https://www.influencerinc.co/courses/power-publishing-contributor/#pricing,1 Vote
Christmas 2018 Bootcamp Will Haimerl,https://www.ppccoachbootcamp.net/order-form23188687,1 Vote
funnel dash ad agency marketing course,https://get.funneldash.com/agency-ads,2 Votes
Traian Trucu Masterclass,http://amz-masterclass.com,29 Votes
Massive Amazon Traffic - Really Successful,https://tm121.infusionsoft.com/app/orderForms/MAT,4 Votes
Adam -  Local Boss - Lead Generation,https://www.localboss.com/2step/,10 Votes
Dov Gordon - Plenty Of Clients Accelerator Program,https://dovgordon.safechkout.net/accelerator,3 Votes
Traian Turcu's Amazing Amazon Story,http://bencummings.co/webinar-regisration,7 Votes
Jordan Platten Social Media Marketing School,https://www.socialmediamarketing.school/p/social-media-marketing-course/,3 Votes
John Oszajca - Insider Circle,https://www.musicmarketingmanifesto.com/insidercircle,1 Vote
John Oszajca - Music Marketing Manifesto 4.0,https://www.musicmarketingmanifesto.com/mmm4,1 Vote
Dropshipping Mastery - Justin Painter,https://dropshipping-mastery-course.teachable.com/p/6-figure-dropshipping-mastery-course/?product_id=774128&coupon_code=48HRS,5 Votes
Jonathan Amaret - Billionaire‚Äôs Manifestation Curriculum,https://www.thoughtmechanics.org/product/billionaires-manifestation-bundle-2/,No Votes. Be the First!
Bryan Casella - COLD CALLING MASTERY,https://www.bryancasella.com/products,2 Votes
Lemarvin Moss CPA Training,http://www.ajoblesslife.com,3 Votes
Iman Gadzhi - influencer ignited 2.0,https://sso.teachable.com/secure/144203/checkout/787740/influencer-ignited-1-0-2-0-bundle,25 Votes
Iman Gadzhi,http://go.iag-media.com/dontclick,No Votes. Be the First!
Andrew Argue - Hyper Profitable Accounting Business Without Degree Or CPA,https://www.andrewargue.com/register/?id=jebowu56ns,2 Votes
LinkedIn Mastery Accelerator Program,https://sixfiguresonlinked-in.com/orderpage,No Votes. Be the First!
Charles Byrd - Pure JV Course (joint ventures),https://www.killthechaos.pro/pure-jv-course-order,2 Votes
"ImportDojo Masterclass,  ImportDojo Brand Evolution, ImportDojo Certific",https://importdojo.com/,3 Votes
SLM - Website Agency Mastery Course,https://courses.supremelevelmedia.com/purchasewebsiteagencymastery,1 Vote
How To Finally Overcome Fear Based Barriers Buried Deep in Your Subconscious,https://satoriprime.com/prime-your-mind,3 Votes
Chad Kimball MAps,http://www.chaddo.com,8 Votes
Zero to Influence Youtube Bootcamp,http://erikavieira.net/bootcamp,1 Vote
Everyday escapist - Instagram COurse,https://traveltothebeat.com/the-everyday-escapist/,1 Vote
PIXEL ACADEMY,https://pixelacademy.josephlazukin.com/launch-page-2,2 Votes
Social Story Selling System,https://www.etruniversity.com/p/social-story-selling-system,3 Votes
Anik Singal eSCAPE ebook + eSCAPE Accelerator,https://escapebook.com/,2 Votes
Learn AI The Project Based Way,https://www.udacity.com/school-of-ai?utm_source=facebook&utm_medium=ads&utm_campaign=6088190109987_fb-fb-N-ai-ai_Facebook_Desktop_Feed&utm_term=New_AIND_LAL_1P&utm_content=3Q_AIND_ImageC1_Copy3,2 Votes
Dropship CEO Executive Membership,https://www.dropship.ceo/start,2 Votes
Digital Marketing Certified Associate Certification Training,https://www.simplilearn.com/digital-marketing/digital-marketing-certified-associate-training,1 Vote
Digital Marketing Specialist Masters Program,https://www.simplilearn.com/digital-marketing/advanced-online-marketing-certification-training-bundle,3 Votes
Advanced Social Media Certification Training,https://www.simplilearn.com/digital-marketing/social-media-certification-training,1 Vote
Advanced Search Engine Optimization (SEO) Certification Training,https://www.simplilearn.com/digital-marketing/search-engine-optimization-seo-certification-training,3 Votes
Ecommerce Mastery,https://dsm.ecommmaster.com/p/waitinglist2,1 Vote
Audiobook INCOME Academy!,https://mikkelsentwins.clickfunnels.com/sales-page,25 Votes
Ryan Levesque - Ask Academy,https://academy.askmethod.com/,2 Votes
Nathan Eitelberg - The E-Com Secrets Master Class,https://www.e-comsecrets.com/master-class,2 Votes
Hero Tower - Alex Becker,https://herotraining.mykajabi.com/offers/vXtyMDoS/checkout,4 Votes
Tai Lopez - How To Build Your Personal Brand,https://www.tailopez.com/product.php?id=FS-6137&utm_source=topnav,6 Votes
Dropship Profit Code,http://thinkingbig.io/dropship-profit-code/?aid=757319,1 Vote
Marc Wayshak-Sales Strategy Academy,https://salesstrategyacademy.com,1 Vote
Earnest Epps High Ticket eCom Secrets,http://www.highticketecomsecrets.com/bonus,4 Votes
Instruction Manual Millionaire,http://serialprogressseeker.net/imm,No Votes. Be the First!
Wayne Crowe - Traffic Domination 2018,https://trafficdomination.rocks/order-20306015,1 Vote
Harmon Brothers University - Learn To Create Ads That Sell,https://harmonbrothersuniversity.com/,6 Votes
Gary Bencivenga - 7 Master Secrets of Wealth Creation for Marketers and Copy,http://marketingbullets.com/available-on-dvds-for-the-first-and-only-time/,4 Votes
ConnectIQ Academy by Wilco de Kreij,https://emarky.thrivecart.com/connectiq-special/#_ga=2.28809018.705420960.1536249121-1521823557.1536249121,7 Votes
"The Unhooked Method - Scale a store to $40,000 in just 6 days",https://theunhookedmethod.ecomsbest.com/manual-bidding-training,4 Votes
John Mulry - Email Academy Pro,https://www.emailacademypro.com/eap-order,2 Votes
Steph - Steph Knows Marketing,https://stephknowsmarketing.com/mini-modules,1 Vote
0 to 100K,https://0-100k.com/master-class-start,1 Vote
Analytics Academy - Loves Data,https://www.analyticsacademy.com/,1 Vote
Jason Wardrop - 6 Figure Agent 2.0 System for Realtors,https://www.yoursocialsystem.com/3xx,6 Votes
Organic Traffic Formula,https://www.organictrafficformula.com/,10 Votes
BEAST OF ECOM | 7 Figures - He Make 40k Days,http://www.beastofecom.com/courseprelaunch,10 Votes
Mike Dillard - New Updated List GRow 2.0,https://www.selfmademan.com/masterclasses/list-grow?_ga=2.130549711.170882016.1536092054-1863029708.1518026465,No Votes. Be the First!
Deepak Shukla - Cold Email Lead Gen Agency,https://deepakshukla.lpages.co/advanced-training-registration/,3 Votes
Copywriting NLP,https://www.copywritingnlp.com/nlp-copywriting-training,6 Votes
Dmitry Dragilev - PR That Converts,https://prthatconverts.com/,3 Votes
Andrew O'Brien - Leveraged Influence,https://www.leveragedinfluence.com/,2 Votes
Pejman Ghadimi - secret entourage,https://www.secretentourage.com/,1 Vote
Trading Cryptocurrencies  A comprehensive guide,https://www.chartguys.com/courses/crypto,1 Vote
Entry & Exit Strategy,https://www.chartguys.com/courses/entries-exits,1 Vote
Google Tag Manager Masterclass,https://learn.analyticsmania.com/p/google-tag-manager-course,2 Votes
Emi Nelson - Viral Story Funnels eCommerce Academy,https://app.paykickstart.com/checkout/9298,2 Votes
Gene Morris - Pay Per Call Blueprint,https://pay-per-call-blueprint.thinkific.com/,2 Votes
Istack Training Ecommerce Allstar Training,http://go.ecommerceallstartraining.com/east-sales-page,7 Votes
"Start, Sustain, Scale Summit Don Wilson, Rachel Rofe, Bank, Nishand, etc",https://www.startsustainscale.com/start-sustain-scale,1 Vote
Peng Joon - Platform Closing,https://platformclosing.com/freebook,2 Votes
Zon Superstars,https://zon-superstars.teachable.com/p/zon-superstars/,No Votes. Be the First!
Jared Goetz ‚Äì eCom Hacks System The $2 Million in 60 Days Blueprint,https://discoverecomhacks.com/go,13 Votes
robert nava amplify impact,https://www.amplifyimpact.co/new-order,1 Vote
Mike Vestil - Accelerator Programme,https://projectbestme.com/accelerator-schollarship-15125?utm_source=email&utm_medium=autoresponder&utm_campaign=replaybutton,1 Vote
Chase Reiner National SEO Course,https://chasereiner.com/products/national-seo-course/,7 Votes
Meetup Marketer - Cashflow Meetup,https://meetupmarketer.com/leads-12pay/,1 Vote
Ray Higdon - Empire,https://get.rayhigdon.com/post-sale-offer-empire/,1 Vote
Instagram Mastery 2.0 Ben Oberg - New Latest Course,https://www.millionairemafiaempire.com/final-step,1 Vote
Ecom Remastered 2.0,https://www.haydenbowles.com/order-form22346068?webinar_ext=tz0tvuBT,3 Votes
Hayden Bowles - ECOM Remastered 2.0 - Shopify with High Income Facebook Ads,https://www.haydenbowles.com/sales-page22612992,17 Votes
1 Page Funnel,https://1pagefunnel.com/go,No Votes. Be the First!
EZRA FIRESTONE ‚Äì TRAFFIC MBA ‚Äì SMART PROJECT MANAGEMENT,https://pages.smartmarketer.com/how-to-scale-your-team-limited-time-replay-backdoor/,2 Votes
Design Academy,https://designacademy.io/,1 Vote
Doug Cunnington - Productivity Master Class,https://fivefigurenichesite.com/productivitymasterclass/,1 Vote
White Label Masterclass,http://strategicplr.com/wlm,No Votes. Be the First!
LA Bootcamp Copy Intensive,https://www.kimschwalm.com/la-boot-camp-intensive,1 Vote
"Ben Cummings Amazon course.Search,Find Buy.AMAZING COURSE BEST THERE IS  !!!!",https://searchfindbuy.com/join,15 Votes
The Choose Yourself Guide to Self-Publishing,https://pro.chooseyourselffinancial.com/p/PUB_Launch_497_0718/EPUBU8AD/?a=13&o=86171&s=102897&u=7051896&l=1519319&r=MC2&vid=fUFQKM&g=0&h=true,4 Votes
Marieta Oslanec - How to Start a Business in the USA,https://www.immigrationbizacademy.com/courses/incorporate,2 Votes
Amazon domination academy,https://amzdominationcourse.com/coursewelcome,6 Votes
Cashflowv Tactics- Financial Freedom in 10 Years or Less,https://go.cashflowtactics.com/now,4 Votes
Six Figure Influencer,https://igbusiness.teachable.com/p/sixfigureinfluencer/,1 Vote
Dave Asprey Bulletproof - Be Unlimited: Your bridge to personal freedom.,https://www.bulletprooftraininginstitute.com/beunlimited/,6 Votes
Combat Business Success - THE TRIBE,https://www.combatbusinesssuccess.com/p/Tribe,1 Vote
Combat Business Success - FITNESS KICKBOXING FORMULA,https://www.combatbusinesssuccess.com/p/fitness-kickboxing-formula,1 Vote
Combat Business Success - ACCELERATOR by Combat Business,https://www.combatbusinesssuccess.com/p/accelerator,1 Vote
Combat Business Success - THE ARMORY,https://www.combatbusinesssuccess.com/p/armory,1 Vote
Words That Sell Copywriting Course,https://wordsthatsellcourse.com/specialoffer,1 Vote
The Write Stuff,https://www.alanweiss.com/store/home-study/alan-weisss-the-write-stuff/,No Votes. Be the First!
Ben Cummings - Search. Find. Buy. - How To Crush It Selling Physical Products,https://goo.gl/4rKTWj,2 Votes
Capital Gains Course,https://capitalgains.breakfreeacademy.com/webinar-room,3 Votes
Travis Petelle - 30 Day Build A Business Workshop,https://thekingpinner.mykajabi.com/offers/bhYw6eZT/checkout,3 Votes
Ecom Profit Funnel,http://ecomprofitfunnels.com/join/,2 Votes
Sell Bots University (Includes 35 DFY Chatbot Templates),https://sellbotsuniversity.com/,17 Votes
Cory Long - Cory Long Bootcamp (0 - 6 Figure Bootcamp),http://www.0to6figurebootcamp.com/bootcamp-plus.html,1 Vote
Tai Lopez - Ecommerce Blueprint,https://www.tailopez.com/flow.php?id=FS-5404&utm_source=youtube&_surl=1661,7 Votes
Tanner Planes - Next Generation Ecommerce,https://next-gen-ecom.teachable.com/p/next-gen-ecom/?product_id=748513&coupon_code=70OFFER&preview=logged_out,2 Votes
thefutur-Business Bootcamp,https://www.thefutur.com/business-bootcamp-fall-2018/,3 Votes
Ran Segal - The Webflow Masterclass,https://ran-segall.teachable.com/p/webflow-masterclass/?utm_source=YT,No Votes. Be the First!
funnel pro academy.,https://funnelproacademy.com/order-form?utm_content=245765&utm_medium=Email&utm_name=Id&utm_source=Actionetics&utm_term=EmailCampaign,3 Votes
Google Tag Manager course,https://conversionxl.com/institute/online-course/advanced-google-tag-manager/,5 Votes
Real Estate Profits From Home - by Dean Graziosi,https://dgachieve.com/irepf-replay?inf_contact_key=4375a8eaf6310c37c8840926357713ee01a331d21bca22cff8da8a545b27f34c,2 Votes
Todd Brown (MFA) - Internal Traffic Training,https://themfanation.com/internal-ad,4 Votes
Trevor Fenner - Ecommerce Paradise Academy,https://academy.ecommerceparadise.com/,2 Votes
Simple Affiliate Funnels,http://simpleaffiliatefunnels.com/,1 Vote
TonY and Vic - Amazon Mastery,https://www.tonyandvik.com/en-amazon-mastery-online-course,3 Votes
Chandler Welling - How I make $500k+ per Year with my Social Media Agency,http://deliveringsocial.com/home/,4 Votes
Bill Stenzel's Copy Paste Profit,https://billstenzel.teachable.com/p/copy-paste-profit,3 Votes
Tristan Broughton -  Product Winner Blue Print ( Latest Update June 2018 ),https://ecomladder.com/product-winner-blueprint,7 Votes
Social Advantage - FB Ads - FB Ads for MLMers,https://modernsponsoring.com/social-advantage/,No Votes. Be the First!
Aaron Ward Instagram Masterminds course,https://courses.aaronward.com/p/instagram-marketing-course,No Votes. Be the First!
MARKETING MASTERY BUNDLE-100+ hours of PREMIUM content!,https://learn.coursenvy.com/p/coursenvy-ultimate-bundle,No Votes. Be the First!
Airbit - Learn To Sell Beats,https://airbit.com/services/learn-to-sell-beats,No Votes. Be the First!
OLD VISIONS - Trifold Academy,https://trifoldacademy.kartra.com/page/6Sc50,1 Vote
CPA ACADEMY COACHING by CHANEL STEVENS,https://mogulacademy.clickfunnels.com/home-page,8 Votes
Semantic mastery - Master mind with Syndication academy,https://mastermind.semanticmastery.com/video-archives1,3 Votes
Jon Buchan - Charm Offensive Professional Subscription,https://www.charm-offensive.co.uk/charm-professional-closed/,No Votes. Be the First!
Carl Allen - Business Buying Accelerator,https://businessbuyingaccelerator.com/checkout/,5 Votes
TAI LOPEZ INNER CIRCLE PROGRAM,https://www.tailopez.com,3 Votes
"Six Figure Success Academy: Webinar Only, Special Edition",http://www.sixfigurewebinars.com/buylink-johnc,8 Votes
Ecommerce Blueprint By Tai Lopez,http://www.tailopez.com/blueprint4,2 Votes
AWOL ACADEMY MASTERS ACADEMY,http://www.awolacademy.com,1 Vote
Brad Callen 1 million system,https://brad-callen.mykajabi.com/login,1 Vote
8 figure dream lifestyle,https://the8figuredreamlifestyle.com/,1 Vote
magnetic memory,https://backyardrebuild.com,No Votes. Be the First!
Grant Cardone - 10X FINANCIAL FREEDOM CERTIFICATION,https://store.grantcardone.com/products/financial-freedom-certification,3 Votes
SEO Scaling Secrets,http://seoscalingsecrets.com/4,7 Votes
ToddandLeahrae,https://www.toddandleahrae.com/social-media-domination-training,No Votes. Be the First!
Cat Howell- Best Agency program,https://academy.cathowell.com/academy2,7 Votes
Dan Lok - Telephone Millions,https://www.telephonemillions.com/now,6 Votes
