2GO,"2GO Group, Inc.",9.9 (1.43%),9.76,23.75 (139.90%),9.5,,
AAA,Asia Amalgamated Holdings Corp.,1.61 (0.00%),1.61,2.25 (39.75%),1.21,-35.698,
AB,"Atok-Big Wedge Company, Inc.",15 (-6.02%),15.96,43 (186.67%),12,"2,380.952",
ABA,"AbaCore Capital Holdings, Inc.",0.55 (12.24%),0.49,0.55 (0.00%),0.2,2.558,
ABG,"Asiabest Group International, Inc.",19.2 (-0.93%),19.38,46 (139.58%),16.5,"3,840.00",
ABS,ABS-CBN Corporation,19.5 (-2.01%),19.9,37.9 (94.36%),19.48,5.485,
ABSP,"ABS-CBN Holdings Corporation ""PDR""",19 (-0.52%),19.1,37.5 (97.37%),18.7,,
AC,Ayala Corporation,921 (-1.50%),935,1095 (18.89%),867.5,27.176,6.92 (0.75%)
ACE,Acesite (Phils.) Hotel Corp.,1.26 (0.00%),1.26,1.75 (38.89%),1.22,5.727,
ACPA,"Ayala Corporation Preferred Class ""A""",500 (0.00%),500,540 (8.00%),489,,
ACPB2,"Ayala Corp. Class ""B"" Series 2 Pref.",489 (-0.61%),492,540 (10.43%),450,,
ACR,"Alsons Consolidated Resources, Inc.",1.24 (0.81%),1.23,1.43 (15.32%),1.08,41.333,0.02 (1.61%)
AEV,"Aboitiz Equity Ventures, Inc.",49.5 (3.13%),48,79 (59.60%),44,15.546,
AGI,"Alliance Global Group, Inc.",10.74 (-1.29%),10.88,16.5 (53.63%),10.18,7.898,
ALCO,Arthaland Corporation,0.54 (1.89%),0.53,1.08 (100.00%),0.5,12.827,
ALCPB,"Arthaland Corp. Perpetual Pref ""B""",95.5 (0.00%),95.5,109 (14.14%),95.45,,1.76 (1.84%)
ALHI,"Anchor Land Holdings, Inc.",11 (0.00%),11,29.25 (165.91%),8.78,28.205,0.06 (0.55%)
ALI,"Ayala Land, Inc.",40 (-0.25%),40.1,47.5 (18.75%),36.05,33.333,0.24 (0.60%)
ANI,"AgriNurture, Inc.",17.58 (-0.34%),17.64,18.32 (4.21%),9.44,21.704,
ANS,A. Soriano Corporation,6.32 (0.32%),6.3,7.9 (25.00%),5.95,6.136,
AP,Aboitiz Power Corporation,32.6 (-0.46%),32.75,41.8 (28.22%),31.2,13.64,
APC,"APC Group, Inc.",0.35 (-2.78%),0.36,0.91 (160.00%),0.34,17.50,
APL,"Apollo Global Capital, Inc.",0.038 (0.00%),0.038,0.072 (89.47%),0.036,,
APO,Anglo-Philippine Holdings Corporation,0.84 (0.00%),0.84,1.18 (40.48%),0.73,9.333,
APX,"Apex Mining Company, Inc.",1.66 (-5.68%),1.76,2.08 (25.30%),1.4,166.00,
AR,Abra Mining and Industrial Corp.,0.0021 (5.00%),0.002,0.0038 (80.95%),0.0019,-43.75,
ARA,"Araneta Properties, Inc.",1.77 (0.00%),1.77,2.5 (41.24%),1.76,75.966,
AT,Atlas Cons. Mining and Dev't Corp.,2.36 (0.00%),2.36,5.2 (120.34%),2.31,39.333,
ATI,"Asian Terminals, Inc.",13.2 (0.00%),13.2,16.98 (28.64%),11,15.00,0.43 (3.26%)
ATN,"ATN Holdings, Inc. ""A""",1.38 (-4.17%),1.44,1.69 (22.46%),0.35,"1,254.545",
ATNB,"ATN Holdings, Inc. ""B""",1.41 (-4.08%),1.47,1.7 (20.57%),0.31,"1,281.818",
AUB,Asia United Bank Corporation,59.1 (-0.84%),59.6,60.1 (1.69%),55.2,,1.50 (2.54%)
BC,"Benguet Corporation ""A""",1.25 (0.00%),1.25,2 (60.00%),0.97,1.238,
BCB,"Benguet Corporation ""B""",1.09 (0.00%),1.09,2.16 (98.17%),0.87,1.079,
BCOR,"Berjaya Philippines, Inc.",1.66 (-1.78%),1.69,12.82 (672.29%),1.36,8.058,
BCP,"Benguet Corporation Conv. Pref. ""A""",12.02 (0.00%),12.02,44.55 (270.63%),12.02,,
BDO,"BDO Unibank, Inc.",127 (-1.78%),129.3,167.7 (32.05%),106.6,18.567,0.90 (0.71%)
BEL,Belle Corporation,2.18 (-0.91%),2.2,4.1 (88.07%),2.17,18.793,
BH,"BHI Holdings, Inc.",1800 (0.00%),1800,2990 (66.11%),1000,,
BHI,"Boulevard Holdings, Inc.",0.056 (0.00%),0.056,0.082 (46.43%),0.052,93.333,
BKR,"Bright Kindle Res. and Investments, Inc.",1.49 (-6.29%),1.59,2.55 (71.14%),1.27,,
BLFI,"BDO Leasing and Finance, Inc.",2.35 (2.17%),2.3,4.36 (85.53%),2.19,9.038,
BLOOM,Bloomberry Resorts Corporation,7.59 (-0.13%),7.6,14.86 (95.78%),7.3,19.974,
BMM,Bogo Medellin Milling Company,110 (0.00%),110,265 (140.91%),90,42.146,
BPI,Bank of the Philippine Islands,91.4 (0.99%),90.5,125.45 (37.25%),78.9,19.698,1.80 (1.97%)
BRN,"A Brown Company, Inc.",0.77 (1.32%),0.76,1.28 (66.23%),0.63,132.759,
BSC,Basic Energy Corporation,0.248 (-0.80%),0.25,0.315 (27.02%),0.203,124.00,
CA,"Concrete Aggregates Corp. ""A""",66.8 (1.21%),66,105 (57.19%),53,,
CAB,"Concrete Aggregates Corp. ""B""",78.1 (0.00%),78.1,168 (115.11%),76.05,,
CAT,Central Azucarera De Tarlac,17.5 (9.38%),16,51.2 (192.57%),14.3,3.431,
CDC,Cityland Development Corporation,0.85 (0.00%),0.85,1.25 (47.06%),0.83,4.25,0.04 (94.12%)
CEB,"Cebu Air, Inc.",66 (0.00%),66,103.5 (56.82%),61.25,9.116,2.75 (4.17%)
CEI,"Crown Equities, Inc.",0.219 (-0.45%),0.22,0.385 (75.80%),0.2,438.00,
CEU,Centro Escolar University,7.89 (0.00%),7.89,9.38 (18.88%),6.14,8.484,0.20 (2.53%)
CHI,"Cebu Holdings, Inc.",5.99 (-0.17%),6,8.9 (48.58%),5,13.93,0.15 (2.50%)
CHIB,China Banking Corporation,27.35 (-1.44%),27.75,37.5 (37.11%),27.35,9.782,0.80 (36.56%)
CHP,"Cemex Holdings Philippines, Inc.",1.9 (-3.55%),1.97,5.53 (191.05%),1.89,,
CIC,Concepcion Industrial Corporation,36.9 (2.50%),36,67.5 (82.93%),33.45,,1.00 (13.55%)
CIP,Chemical Industries of the Phils.,171.8 (0.00%),171.8,460 (167.75%),151.1,,17.17 (9.99%)
CLC,Chelsea Logistics Holdings Corp.,7.81 (-8.01%),8.49,9.79 (25.35%),4.4,,
CLI,"Cebu Landmasters, Inc.",3.9 (1.56%),3.84,5.12 (31.28%),3.6,,
CNPF,"Century Pacific Food, Inc.",14.3 (2.14%),14,17.8 (24.48%),12.9,,0.18 (1.26%)
COAL,"Coal Asia Holdings, Inc.",0.29 (-1.69%),0.295,0.38 (31.03%),0.285,,
COL,"COL Financial Group, Inc.",15.5 (0.00%),15.5,16.82 (8.52%),15,28.182,0.60 (3.87%)
COSCO,"Cosco Capital, Inc.",7 (-4.37%),7.32,7.9 (12.86%),5.6,,0.10 (1.43%)
CPG,"Century Properties Group, Inc.",0.4 (-1.23%),0.405,0.53 (32.50%),0.38,3.077,0.02 (5.00%)
CPM,Century Peak Metals Holdings Corporation,1.9 (-0.52%),1.91,2.09 (10.00%),1.51,15.833,
CPV,"Cebu Property Venture and Dev't Corp.""A""",6.8 (0.00%),6.8,9.15 (34.56%),5.66,,
CPVB,"Cebu Property Venture and Dev't Corp.""B""",7 (0.00%),7,9 (28.57%),5.52,13.208,
CROWN,Crown Asia Chemicals Corporation,1.35 (0.00%),1.35,2.21 (63.70%),1.32,,0.09 (6.67%)
CSB,Citystate Savings Bank,7.59 (0.00%),7.59,10 (31.75%),3.5,,
CYBR,Cyber Bay Corporation,0.35 (7.69%),0.325,0.53 (51.43%),0.32,-7.447,
DAVIN,"Da Vinci Capital Holdings, Inc.",5.6 (3.13%),5.43,7.3 (30.36%),4,,
DD,DoubleDragon Properties Corp.,18.1 (-1.42%),18.36,42.1 (132.60%),17.14,,
DDPR,DoubleDragon Properties Corp. Pref.,97.95 (-0.05%),98,106.9 (9.14%),94.5,,4.86 (4.96%)
DFNN,"DFNN, Inc.",7.56 (-5.26%),7.98,10 (32.28%),6.5,36.00,
DIZ,"Dizon Copper Silver Mines, Inc.",7.01 (0.43%),6.98,8.8 (25.53%),6.8,-116.833,
DMC,"DMCI Holdings, Inc.",12.8 (1.59%),12.6,15.18 (18.59%),9.82,13.196,0.48 (3.75%)
DNA,Philab Holdings Corp.,2.86 (0.00%),2.86,6.65 (132.52%),2.8,,
DNL,"D and L Industries, Inc.",10.4 (-3.53%),10.78,12.76 (22.69%),9.55,23.111,0.24 (2.31%)
DWC,Discovery World Corporation,2.02 (-4.72%),2.12,4.2 (107.92%),2,,
EAGLE,Eagle Cement Corporation,15.3 (0.13%),15.28,16.68 (9.02%),13.82,,
ECP,"Easycall Comm. Phils., Inc.",5 (1.83%),4.91,"76.5 (1,430.00%)",3.26,55.556,
EDC,Energy Development Corporation,6.87 (0.00%),6.87,8.09 (17.76%),4.92,16.88,
EEI,EEI Corporation,8.52 (-3.95%),8.87,13.6 (59.62%),7.75,43.558,
EG,IP E-Game Ventures Inc.,0.0094 (0.00%),0.0094,0.016 (70.21%),0.0086,2.35,
ELI,"Empire East Land Holdings, Inc.",0.49 (-5.77%),0.52,0.75 (53.06%),0.49,13.243,
EMP,Emperador Inc.,6.95 (-0.29%),6.97,8.96 (28.92%),6.85,,
EURO,"Euro-Med Laboratories Phil., Inc.",1.5 (2.74%),1.46,1.93 (28.67%),1.46,25.00,0.05 (3.33%)
EVER,"Ever Gotesco Resources and Hold'gs, Inc.",0.104 (0.00%),0.104,0.164 (57.69%),0.103,2.476,
EW,East West Banking Corporation,10.7 (0.94%),10.6,24.07 (124.95%),10.28,7.431,0.33 (6.17%)
FAF,First Abacus Financial Holdings Corp.,0.54 (0.00%),0.54,0.73 (35.19%),0.54,180.00,
FB,"San Miguel Food and Beverage, Inc.",83.6 (-0.24%),83.8,104 (24.40%),48.2,,4.50 (5.38%)
FBP2,"San Miguel Food and Beverage, Inc. Preferred",990 (0.00%),990,1020 (3.03%),920,,
FDC,Filinvest Development Corporation,8.1 (6.58%),7.6,8.1 (0.00%),6.83,17.234,0.06 (0.74%)
FERRO,"Ferronoux Holdings, Inc.",3.85 (1.32%),3.8,4.75 (23.38%),3,,
FEU,"Far Eastern University, Inc.",950 (0.00%),950,1020 (7.37%),890,18.171,8.00 (0.84%)
FFI,"Filipino Fund, Inc.",7.81 (0.00%),7.81,14.24 (82.33%),7,20.553,
FGEN,First Gen Corporation,17.1 (-1.16%),17.3,18.2 (6.43%),14.1,10.179,0.35 (2.05%)
FGENG,First Gen Corporation - Series G Pref.,102.5 (0.00%),102.5,118.4 (15.51%),90.4,,
FJP,"F and J Prince Holdings Corp. ""A""",4.6 (-15.60%),5.45,8.61 (87.17%),2.91,12.778,
FJPB,"F and J Prince Holdings Corp. ""B""",5 (0.00%),5,6.38 (27.60%),4.5,,
FLI,"Filinvest Land, Inc.",1.43 (-0.69%),1.44,1.94 (35.66%),1.4,6.81,0.06 (4.20%)
FMETF,First Metro Philippine Equity ETF,108.3 (-0.09%),108.4,133.2 (22.99%),102.6,,
FNI,"Global Ferronickel Holdings, Inc.",1.71 (-0.58%),1.72,2.92 (70.76%),1.67,,
FOOD,"Alliance Select Foods Int'l, Inc.",1.08 (1.89%),1.06,1.3 (20.37%),0.52,19.636,
FPH,First Phil. Holdings Corp.,63.3 (0.00%),63.3,69 (9.00%),60.75,6.604,2.00 (3.16%)
FPHP,First Phil. Holdings Corp. Pref Series B,101.4 (0.00%),101.4,108 (6.51%),100.5,,
FPI,"Forum Pacific, Inc.",0.21 (-10.64%),0.235,0.27 (28.57%),0.18,-6.774,
GEO,"GEOGRACE Resources Philippines, Inc.",0.201 (-0.99%),0.203,0.275 (36.82%),0.175,31.406,
GERI,"Global-Estate Resorts, Inc.",1 (0.00%),1,1.63 (63.00%),0.96,15.152,
GLO,"Globe Telecom, Inc.",1920 (-4.29%),2006,2380 (23.96%),1475,15.985,91.00 (4.74%)
GLOPA,"Globe Telecom, Inc - Preferred ""A""",5 (0.00%),5,0 (),0,,30.00 (600.00%)
GLOPP,"Globe Telecom, Inc. - Perpetual Pref.",450 (0.00%),450,539.5 (19.89%),441,,5.20 (1.16%)
GMA7,"GMA Network, Inc.",5.25 (-0.38%),5.27,6.55 (24.76%),4.99,12.069,0.73 (13.90%)
GMAP,"GMA Holdings, Inc. ""PDR""",5.19 (-1.14%),5.25,6.4 (23.31%),4.91,,
GPH,Grand Plaza Hotel Corporation,11 (0.00%),11,22.75 (106.82%),8,,
GREEN,"Greenergy Holdings, Inc.",1.64 (0.00%),1.64,2.4 (46.34%),1.23,-364.279,
GSMI,Ginebra San Miguel Inc.,23.1 (-0.86%),23.3,32.9 (42.42%),17.32,-6.489,
GTCAP,"GT Capital Holdings, Inc.",885 (-1.61%),899.5,1400.97 (58.30%),660.5,12.728,
GTPPA,"GT Capital Non-Voting Perpetual Pref ""A""",925 (0.00%),925,1050 (13.51%),832,,46.30 (5.01%)
GTPPB,"GT Capital Non-Voting Perpetual Pref ""B""",925 (0.00%),925,1040 (12.43%),881.5,,50.95 (5.51%)
H2O,Philippine H2O Ventures Corporation,4.62 (3.13%),4.48,10.8 (133.77%),4.02,28.966,
HI,"House of Investments, Inc.",5.88 (-0.34%),5.9,9 (53.06%),5.7,3.637,0.07 (1.19%)
HLCM,"Holcim Philippines, Inc.",6.53 (2.03%),6.4,12 (83.77%),5.78,5.183,0.98 (15.01%)
HOUSE,"8990 Holdings, Inc.",7.3 (-2.28%),7.47,7.96 (9.04%),5.37,,0.05 (0.68%)
HVN,"Golden Haven Memorial Park, Inc.",320 (0.00%),320,392 (22.50%),17.02,,
I,"I-Remit, Inc.",1.56 (2.63%),1.52,2.15 (37.82%),1.38,75.00,0.03 (1.92%)
ICT,"Int'l Container Terminal Services, Inc.",93.9 (-0.63%),94.5,115 (22.47%),76.95,187.80,2.47 (2.63%)
IDC,Italpinas Development Corporation,4.06 (-0.25%),4.07,10.32 (154.19%),3.1,,
IMI,"Integrated Micro-Electronics, Inc.",7.51 (-1.31%),7.61,21.66 (188.42%),7.4,11.044,0.00 (0.00%)
IMP,"Imperial Resources, Inc.",1.8 (0.56%),1.79,3.72 (106.67%),1.63,-25.714,
ION,"Ionics, Inc.",1.48 (0.00%),1.48,3.2 (116.22%),1.46,9.25,
IPM,"IPM Holdings, Inc.",7.2 (0.00%),7.2,9 (25.00%),7.05,,
IPO,"iPeople, Inc.",10.12 (0.00%),10.12,16.5 (63.04%),10.02,10.229,0.24 (2.37%)
IRC,"IRC Properties, Inc.",2.51 (2.03%),2.46,2.97 (18.33%),0.66,83.667,
IS,"Island Information and Technology, Inc.",0.098 (2.08%),0.096,0.178 (81.63%),0.08,"7,941.914",
ISM,ISM Communications Corporation,6.3 (-18.60%),7.74,8.62 (36.83%),1.32,94.03,
JAS,"Jackstones, Inc.",3.44 (1.47%),3.39,5.62 (63.37%),2.85,,
JFC,Jollibee Foods Corporation,282 (1.08%),279,305.4 (8.30%),240.2,61.065,2.18 (0.77%)
JGS,"JG Summit Holdings, Inc.",47 (0.00%),47,81 (72.34%),41.3,14.873,0.28 (0.60%)
JOH,Jolliville Holdings Corporation,4.32 (0.00%),4.32,7.7 (78.24%),4.29,5.084,
KEP,"Keppel Philippines Properties, Inc.",4.09 (0.00%),4.09,5 (22.25%),4.01,409.00,
KPH,"Keppel Philippines Holdings, Inc. ""A""",3.54 (0.00%),3.54,6.6 (86.44%),3.46,16.239,
KPHB,"Keppel Philippines Holdings, Inc. ""B""",4.51 (0.00%),4.51,6.38 (41.46%),2.94,20.688,
LAND,"City and Land Developers, Inc.",0.85 (0.00%),0.85,1.13 (32.94%),0.52,14.167,0.01 (7.84%)
LBC,"LBC Express Holdings, Inc.",13.82 (-3.22%),14.28,19.9 (43.99%),13.52,,0.58 (4.20%)
LC,"Lepanto Consolidated Mining Co. ""A""",0.094 (-3.09%),0.097,0.165 (75.53%),0.092,1.181,
LCB,"Lepanto Consolidated Mining Co. ""B""",0.098 (-2.97%),0.101,0.169 (72.45%),0.095,1.231,
LFM,"Liberty Flour Mills, Inc.",58.9 (16.52%),50.55,70 (18.85%),26.4,53.545,
LIHC,Lodestar Investment Hldgs Corp.,0.52 (0.00%),0.52,0.8 (53.85%),0.48,-86.667,
LMG,LMG Chemicals Corporation,4.65 (1.09%),4.6,5.6 (20.43%),3.83,-830.357,
LOTO,Pacific Online Systems Corporation,9.56 (-4.40%),10,15.4 (61.09%),9.56,12.241,0.60 (6.28%)
LPZ,Lopez Holdings Corporation,3.76 (-3.09%),3.88,5.89 (56.65%),3.54,2.786,0.10 (2.66%)
LR,Leisure and Resorts World Corporation,2.83 (0.00%),2.83,7.49 (164.66%),2.48,3.75,
LRP,Leisure and Resorts World Corp.-Pref,1.03 (3.00%),1,1.14 (10.68%),1,,502000.09 (48737872.82%)
LRW,Leisure and Resorts World Corp.-Warrants,1.7 (1.19%),1.68,5.15 (202.94%),1.5,,
LSC,Lorenzo Shipping Corporation,0.65 (-1.52%),0.66,1.32 (103.08%),0.62,8.125,
LTG,"LT Group, Inc.",16.44 (-0.24%),16.48,25.3 (53.89%),12.78,26.951,
MA,"Manila Mining Corporation ""A""",0.0065 (-1.52%),0.0066,0.011 (69.23%),0.0065,325.00,
MAB,"Manila Mining Corporation ""B""",0.006 (0.00%),0.006,0.011 (83.33%),0.0052,300.00,
MAC,Macroasia Corporation,12.2 (-11.59%),13.8,23.08 (89.18%),11.8,45.185,
MACAY,"Macay Holdings, Inc.",8.89 (-6.42%),9.5,26.4 (196.96%),6.75,,0.12 (1.35%)
MAH,Metro Alliance Holdings & Equities Corp.,1.39 (6.92%),1.3,5.5 (295.68%),0.92,,
MAHB,Metro Alliance Holdings & Equities Corp.,1.4 (-3.45%),1.45,5.45 (289.29%),1.05,,
MARC,"Marcventures Holdings, Inc.",1.1 (-4.35%),1.15,1.9 (72.73%),1.05,2.391,
MAXS,"Max's Group, Inc.",9.5 (-1.96%),9.69,19.1 (101.05%),9.5,,
MB,Manila Bulletin Publishing Corp.,0.35 (0.00%),0.35,0.6 (71.43%),0.35,17.50,
MBC,Manila Broadcasting Company,14.3 (1.27%),14.12,24 (67.83%),8.32,,
MBT,Metropolitan Bank and Trust Company,71.95 (0.84%),71.35,104.97 (45.89%),64,12.278,
MED,"MEDCO Holdings, Inc.",0.47 (4.44%),0.45,0.7 (48.94%),0.42,,
MEG,Megaworld Corporation,4.74 (-0.42%),4.76,5.67 (19.62%),3.98,14.766,0.05 (1.05%)
MER,Manila Electric Company,388.8 (1.30%),383.8,395 (1.59%),291.4,22.952,8.93 (2.30%)
MFC,Manulife Financial Corporation,785 (-5.99%),835,1050 (33.76%),770,20.773,0.62 (0.08%)
MFIN,Makati Finance Corporation,2.72 (-9.03%),2.99,4.34 (59.56%),1.56,,0.03 (16.07%)
MG,"Millenium Global Holdings, Inc.",0.166 (0.00%),0.166,0.255 (53.61%),0.16,,
MHC,Mabuhay Holdings Corporation,0.54 (3.85%),0.52,0.84 (55.56%),0.26,72.00,
MJC,"Manila Jockey Club, Inc.",5.47 (-1.80%),5.57,6.82 (24.68%),3.25,"3,038.889",0.05 (0.91%)
MJIC,MJC Investments Corporation,3 (0.00%),3,4.01 (33.67%),3,"1,500.00",
MPI,Metro Pacific Investments Corporation,4.61 (-0.22%),4.62,6.91 (49.89%),4.2,13.362,0.03 (0.65%)
MRC,"MRC Allied, Inc.",0.35 (0.00%),0.35,0.94 (168.57%),0.285,11.667,
MRP,Melco Resorts and Entertainment (Phils.),7.13 (0.00%),7.13,9.27 (30.01%),5.02,,
MRSGI,"Metro Retail Stores Group, Inc.",1.99 (-1.97%),2.03,4 (101.01%),1.91,,0.05 (2.51%)
MVC,Mabuhay Vinyl Corporation,3.36 (0.00%),3.36,4 (19.05%),3,25.846,0.07 (2.08%)
MWC,"Manila Water Company, Inc.",25 (0.00%),25,29.45 (17.80%),23.35,10.373,0.42 (1.68%)
MWIDE,Megawide Construction Corporation,16.9 (-0.94%),17.06,25 (47.93%),14.02,41.22,0.05 (0.30%)
MWP,Megawide Const. Corp. - Perpetual Pref.,99.5 (0.00%),99.5,109.6 (10.15%),95.1,,5.27 (5.30%)
NI,"NiHAO Minerals Resources Int'l, Inc.",1.01 (0.00%),1.01,1.78 (76.24%),0.95,33.667,
NIKL,Nickel Asia Corporation,1.94 (0.00%),1.94,3.9 (101.03%),1.89,7.185,
NOW,Now Corporation,2.97 (-1.00%),3,20 (573.40%),1.85,,
NRCP,National Reinsurance Corp. of the Phils.,0.76 (0.00%),0.76,1.93 (153.95%),0.73,9.048,
OM,Omico Corporation,0.52 (0.00%),0.52,0.78 (50.00%),0.405,-21.887,
OPM,"Oriental Pet. and Minerals Corp. ""A""",0.012 (-7.69%),0.013,0.014 (16.67%),0.011,13.333,
OPMB,"Oriental Pet. and Minerals Corp. ""B""",0.013 (8.33%),0.012,0.014 (7.69%),0.012,14.444,
ORE,"Oriental Peninsula Resources Group, Inc.",0.88 (-2.22%),0.9,1.53 (73.86%),0.81,4.916,
OV,The Philodrill Corporation,0.012 (0.00%),0.012,0.013 (8.33%),0.011,20.00,
PA,"Pacifica, Inc.",0.034 (0.00%),0.034,0.053 (55.88%),0.03,-377.778,
PAL,PAL Holdings Inc.,7.8 (0.00%),7.8,12.56 (61.03%),7.5,,
PAX,"Paxys, Inc.",3.5 (0.00%),3.5,4.21 (20.29%),2.72,1.699,
PBB,Philippine Business Bank,11.04 (-0.54%),11.1,13.7 (24.09%),10.8,27.60,
PBC,Philippine Bank of Communications,20 (0.00%),20,26 (30.00%),16.9,29.412,
PCOR,Petron Corporation,7.7 (-0.26%),7.72,9.86 (28.05%),7.66,51.333,
PERC,Petroenergy Resources Corporation,3.93 (-1.75%),4,6.23 (58.52%),3.6,10.917,
PGOLD,"Puregold Price Club, Inc.",42.5 (-0.12%),42.55,55.05 (29.53%),39.6,23.481,0.40 (0.94%)
PHA,Premiere Horizon Alliance Corporation,0.32 (0.00%),0.32,0.53 (65.63%),0.3,10.39,
PHEN,PHINMA Energy Corporation,0.94 (1.08%),0.93,1.89 (101.06%),0.85,4.947,
PHES,Phil. Estates Corporation,0.465 (5.68%),0.44,0.6 (29.03%),0.295,465.00,
PHN,Phinma Corporation,8.65 (-1.48%),8.78,9.68 (11.91%),7.5,5.805,
PIP,"Pepsi-Cola Products Philippines, Inc.",1.36 (-5.56%),1.44,3.1 (127.94%),1.36,6.182,0.07 (5.15%)
PIZZA,"Shakey's Pizza Asia Ventures, Inc.",9.97 (-0.10%),9.98,17.48 (75.33%),9.8,,0.10 (1.00%)
PLC,Premium Leisure Corp.,0.64 (-3.03%),0.66,1.45 (126.56%),0.62,,
PMPC,Panasonic Manufacturing Phils. Corp.,6.1 (5.17%),5.8,10 (63.93%),5.16,15.641,0.70 (11.48%)
PNB,Philippine National Bank,39.65 (-0.25%),39.75,59.9 (51.07%),38.95,8.108,
PNX,"Phoenix Petroleum Philippines, Inc.",10.8 (-1.82%),11,13.84 (28.15%),10.1,18.00,0.10 (0.93%)
PNX3A,Phoenix Petroleum - Non-Voting Pref. 3A,102.2 (3.23%),99,105.7 (3.42%),99,,5.57 (5.45%)
PNX3B,Phoenix Petroleum - Non-Voting Pref. 3B,102 (-2.86%),105,115 (12.75%),101.2,,6.08 (5.96%)
POPI,"Prime Orion Philippines, Inc.",2.36 (-3.67%),2.45,4.1 (73.73%),2.04,26.222,
PORT,"Globalport 900, Inc.",7.3 (0.00%),7.3,14.48 (98.36%),5.1,,
PPC,Pryce Corporation,5.18 (0.00%),5.18,7.07 (36.49%),5.1,,
PPG,"Phinma Petroleum and Geothermal, Inc.",3.84 (-1.54%),3.9,4.83 (25.78%),1.88,,
PRC,"Philippine Racing Club, Inc.",8 (0.00%),8,11.98 (49.75%),7.7,9.639,
PRF2A,Petron Corp. - Perpetual Pref. Series 2A,990 (0.00%),990,1075 (8.59%),990,,47.25 (4.77%)
PRF2B,Petron Corp. - Perpetual Pref. Series 2B,999 (0.00%),999,1175 (17.62%),999,,51.44 (5.15%)
PRIM,"Prime Media Holdings, Inc.",1.15 (0.00%),1.15,1.68 (46.09%),1.02,,
PRMX,Primex Corporation,3.6 (0.00%),3.6,6.86 (90.56%),2.48,23.166,
PSB,Philippine Savings Bank,74.9 (-0.07%),74.95,90 (20.16%),70,7.651,2.25 (3.00%)
PSE,"The Philippine Stock Exchange, Inc",173 (-2.81%),178,259.8 (50.17%),173,18.582,7.00 (4.05%)
PTC,Philippine Trust Company,105 (0.00%),105,220 (109.52%),95,101.942,0.20 (0.19%)
PX,Philex Mining Corporation,2.66 (-1.12%),2.69,7.35 (176.32%),2.65,14.696,0.04 (1.50%)
PXP,PXP Energy Corporation,14.66 (-14.87%),17.22,19.7 (34.38%),7.09,52.357,
RCB,Rizal Commercial Banking Corp.,28.5 (-0.87%),28.75,55.96 (96.35%),24.85,9.283,0.55 (1.93%)
RCI,"Roxas and Company, Inc.",2 (5.26%),1.9,4.95 (147.50%),1.82,28.571,
REG,Republic Glass Holdings Corp.,2.68 (0.00%),2.68,5.85 (118.28%),2.47,13.40,0.08 (2.99%)
RFM,RFM Corporation,4.7 (0.00%),4.7,5.4 (14.89%),4.52,18.077,0.06 (1.28%)
RLC,Robinson Land Corporation,20.55 (0.24%),20.5,23.88 (16.20%),17.5,14.784,0.36 (1.75%)
RLT,Philippine Realty and Holdings Corp.,0.35 (-4.11%),0.365,0.71 (102.86%),0.32,17.50,
ROCK,Rockwell Land Corporation,1.94 (0.52%),1.93,2.78 (43.30%),1.8,7.225,0.06 (3.09%)
ROX,"Roxas Holdings, Inc.",2.81 (-0.35%),2.82,5.78 (105.69%),2.61,286.735,
RRHI,"Robinsons Retail Holdings, Inc.",73.9 (-0.14%),74,101.8 (37.75%),73.55,,0.70 (0.95%)
RWM,"Travellers Int'l. Hotel Group, Inc.",5.22 (0.00%),5.22,5.45 (4.41%),3.33,,0.04 (0.77%)
SBS,SBS Philippines Corporation,6.76 (0.30%),6.74,11.8 (74.56%),5.4,,
SCC,Semirara Mining and Power Corporation,25 (-3.85%),26,39.1 (56.40%),24,3.149,5.00 (6.67%)
SECB,Security Bank Corporation,151 (-0.66%),152,260 (72.19%),132.1,11.825,3.00 (1.99%)
SEVN,Philippine Seven Corporation,107.8 (0.75%),107,195 (80.89%),98,49.00,0.65 (0.00%)
SFI,"Swift Foods, Inc.",0.122 (-2.40%),0.125,0.19 (55.74%),0.121,2.033,
SFIP,"Swift Foods, Inc. Conv. Pref.",2.09 (0.00%),2.09,4.38 (109.57%),1.85,,
SGI,"Solid Group, Inc.",1.36 (-0.73%),1.37,2.1 (54.41%),1.25,5.037,0.07 (5.15%)
SGP,"Synergy Grid and Dev't Phils., Inc.",495 (-1.00%),500,1100 (122.22%),175.1,"-3,093.75",
SHLPH,Pilipinas Shell Petroleum Corporation,48.3 (-0.51%),48.55,66.5 (37.68%),48.1,,1.65 (3.42%)
SHNG,"Shang Properties, Inc.",3.12 (-0.64%),3.14,3.59 (15.06%),3.01,5.217,0.07 (2.24%)
SLF,"Sun Life Financial, Inc.",1811 (-4.08%),1888,2000 (10.44%),1805,14.228,1.33 (0.07%)
SLI,"Sta. Lucia Land, Inc.",1.15 (0.00%),1.15,1.22 (6.09%),0.98,14.557,
SM,SM Investments Corporation,920 (-2.13%),940,1142 (24.13%),826,38.677,7.77 (0.84%)
SMC,San Miguel Corporation,172.4 (-0.98%),174.1,180.1 (4.47%),106,68.142,1.40 (0.81%)
SMC2A,San Miguel Corporation Series 2-A Pref.,74 (0.00%),74,76.9 (3.92%),74,,
SMC2B,San Miguel Corporation Series 2-B Pref.,75.2 (0.00%),75.2,91 (21.01%),75,,4.29 (5.70%)
SMC2C,San Miguel Corporation Series 2-C Pref.,76.15 (0.20%),76,82.95 (8.93%),75,,4.50 (5.91%)
SMC2D,San Miguel Corporation Series 2-D Pref.,72.8 (-0.27%),73,78.5 (7.83%),70,,3.34 (4.59%)
SMC2E,San Miguel Corporation Series 2-E Pref.,74.95 (0.00%),74.95,79 (5.40%),72.5,,3.56 (4.75%)
SMC2F,San Miguel Corporation Series 2-F Pref.,74.3 (0.00%),74.3,82.7 (11.31%),74,,3.83 (5.15%)
SMC2G,San Miguel Corporation Series 2-G Pref.,73.65 (-1.14%),74.5,79.2 (7.54%),73.5,,3.70 (5.02%)
SMC2H,San Miguel Corporation Series 2-H Pref.,73.9 (0.00%),73.9,79.6 (7.71%),72,,3.56 (4.82%)
SMC2I,San Miguel Corporation Series 2-I Pref.,73.5 (0.00%),73.5,81.7 (11.16%),72.65,,3.56 (4.84%)
SMPH,"SM Prime Holdings, Inc.",33.3 (-0.89%),33.6,39.7 (19.22%),31.45,33.91,0.26 (0.78%)
SOC,"SOCResources, Inc.",0.81 (0.00%),0.81,1.1 (35.80%),0.71,6.398,
SPC,SPC Power Corporation,5.25 (-1.32%),5.32,7 (33.33%),4.8,5.303,0.80 (15.24%)
SPM,Seafront Resources Corporation,2.28 (-0.44%),2.29,3.34 (46.49%),2.23,114.00,
SRDC,Supercity Realty Development Corporation,0.8 (0.00%),0.8,0.8 (0.00%),0.8,,
SSI,"SSI Group, Inc.",2.49 (-8.12%),2.71,3.64 (46.18%),1.8,,
SSP,SFA Semicon Philippines Corporation,1.21 (-0.82%),1.22,2.98 (146.28%),1.16,,
STI,"STI Education Systems Holdings, Inc.",0.6 (-1.64%),0.61,1.82 (203.33%),0.52,8.108,0.02 (3.33%)
STR,"Starmalls, Inc.",3.94 (-3.19%),4.07,32 (712.18%),3.7,33.675,0.04 (1.02%)
SUN,"Suntrust Home Developers, Inc.",0.72 (0.00%),0.72,0.92 (27.78%),0.68,45.00,
T,TKC Metals Corporation,0.86 (3.61%),0.83,1.45 (68.60%),0.82,-1.72,
TBGI,Transpacific Broadband Group Int'l. Inc.,0.365 (2.82%),0.355,0.84 (130.14%),0.185,67.593,
TECH,Cirtek Holdings Philippines Corporation,36.7 (0.82%),36.4,65 (77.11%),28.5,60.164,0.00 (0.00%)
TEL,"PLDT, Inc.",1225 (0.74%),1216,1691 (38.04%),1100,12.027,76.00 (6.20%)
TFC,PTFC Redevelopment Corporation,29.2 (0.00%),29.2,59.9 (105.14%),28.65,34.762,
TFHI,"Top Frontier Investment Holdings, Inc.",281 (0.00%),281,320 (13.88%),251,,
TUGS,"Harbor Star Shipping Services, Inc.",3.26 (0.31%),3.25,6.09 (86.81%),2.32,,
UBP,Union Bank of the Philippines,65.9 (0.08%),65.85,90.02 (36.60%),64.5,11.602,
UNI,"Unioil Resources and Holdings Co., Inc.",0.246 (0.00%),0.246,0.31 (26.02%),0.21,585.714,
UPM,United Paragon Mining Corporation,0.0059 (-3.28%),0.0061,0.012 (103.39%),0.0056,-29.50,
URC,Universal Robina Corporation,131 (0.77%),130,174 (32.82%),111.3,23.063,
V,"Vantage Equities, Inc.",1.14 (0.00%),1.14,1.34 (17.54%),1.14,17.015,
VITA,Vitarich Corporation,1.48 (-3.27%),1.53,4.2 (183.78%),1.29,493.333,
VLL,"Vista Land and Lifescapes, Inc.",5.2 (0.00%),5.2,7.3 (40.38%),5.01,8.36,0.13 (2.50%)
VMC,"Victorias Milling Company, Inc.",2.32 (0.00%),2.32,3.2 (37.93%),2.32,5.524,
VUL,Vulcan Industrial and Mining Corporation,1.46 (-0.68%),1.47,2.95 (102.05%),0.6,14.703,
VVT,Vivant Corporation,18.5 (0.00%),18.5,29.95 (61.89%),16,17.979,0.28 (1.51%)
WEB,Philweb Corporation,2.98 (-1.32%),3.02,9.4 (215.44%),2.86,4.016,
WIN,"Wellex Industries, Inc.",0.23 (-2.13%),0.235,0.42 (82.61%),0.172,-25.556,
WLCON,"Wilcon Depot, Inc.",11.8 (-3.44%),12.22,12.64 (7.12%),8,,
WPI,"Waterfront Philippines, Inc.",0.485 (0.00%),0.485,1.35 (178.35%),0.45,9.51,
X,Xurpas Inc.,1.05 (-14.63%),1.23,5.93 (464.76%),1.05,,0.05 (4.76%)
ZHI,"Zeus Holdings, Inc.",0.192 (0.00%),0.192,0.28 (45.83%),0.15,-800.00,
